[0.320s] DEBUG:colcon:Command line arguments: ['/usr/bin/colcon', 'build', '--packages-select', 'cpp_pubsub']
[0.320s] DEBUG:colcon:Parsed command line arguments: Namespace(log_base=None, log_level=None, verb_name='build', build_base='build', install_base='install', merge_install=False, symlink_install=False, test_result_base=None, continue_on_error=False, executor='parallel', parallel_workers=8, event_handlers=None, ignore_user_meta=False, metas=['./colcon.meta'], base_paths=['.'], packages_ignore=None, packages_ignore_regex=None, paths=None, packages_up_to=None, packages_up_to_regex=None, packages_above=None, packages_above_and_dependencies=None, packages_above_depth=None, packages_select_by_dep=None, packages_skip_by_dep=None, packages_skip_up_to=None, packages_select_build_failed=False, packages_skip_build_finished=False, packages_select_test_failures=False, packages_skip_test_passed=False, packages_select=['cpp_pubsub'], packages_skip=None, packages_select_regex=None, packages_skip_regex=None, packages_start=None, packages_end=None, allow_overriding=[], cmake_args=None, cmake_target=None, cmake_target_skip_unavailable=False, cmake_clean_cache=False, cmake_clean_first=False, cmake_force_configure=False, ament_cmake_args=None, catkin_cmake_args=None, catkin_skip_building_tests=False, mixin_files=None, mixin=None, verb_parser=<colcon_mixin.mixin.mixin_argument.MixinArgumentDecorator object at 0x76f5cf2b9fd0>, verb_extension=<colcon_core.verb.build.BuildVerb object at 0x76f5cf376570>, main=<bound method BuildVerb.main of <colcon_core.verb.build.BuildVerb object at 0x76f5cf376570>>, mixin_verb=('build',))
[0.427s] Level 1:colcon.colcon_core.package_discovery:discover_packages(colcon_meta) check parameters
[0.428s] Level 1:colcon.colcon_core.package_discovery:discover_packages(recursive) check parameters
[0.428s] Level 1:colcon.colcon_core.package_discovery:discover_packages(ignore) check parameters
[0.428s] Level 1:colcon.colcon_core.package_discovery:discover_packages(path) check parameters
[0.428s] Level 1:colcon.colcon_core.package_discovery:discover_packages(colcon_meta) discover
[0.428s] Level 1:colcon.colcon_core.package_discovery:discover_packages(recursive) discover
[0.428s] INFO:colcon.colcon_core.package_discovery:Crawling recursively for packages in '/home/yixin/ros2_ws'
[0.428s] Level 1:colcon.colcon_core.package_identification:_identify(.) by extensions ['ignore', 'ignore_ament_install']
[0.429s] Level 1:colcon.colcon_core.package_identification:_identify(.) by extension 'ignore'
[0.429s] Level 1:colcon.colcon_core.package_identification:_identify(.) by extension 'ignore_ament_install'
[0.429s] Level 1:colcon.colcon_core.package_identification:_identify(.) by extensions ['colcon_pkg']
[0.429s] Level 1:colcon.colcon_core.package_identification:_identify(.) by extension 'colcon_pkg'
[0.429s] Level 1:colcon.colcon_core.package_identification:_identify(.) by extensions ['colcon_meta']
[0.429s] Level 1:colcon.colcon_core.package_identification:_identify(.) by extension 'colcon_meta'
[0.429s] Level 1:colcon.colcon_core.package_identification:_identify(.) by extensions ['ros']
[0.429s] Level 1:colcon.colcon_core.package_identification:_identify(.) by extension 'ros'
[0.494s] Level 1:colcon.colcon_core.package_identification:_identify(.) by extensions ['cmake', 'python']
[0.494s] Level 1:colcon.colcon_core.package_identification:_identify(.) by extension 'cmake'
[0.494s] Level 1:colcon.colcon_core.package_identification:_identify(.) by extension 'python'
[0.494s] Level 1:colcon.colcon_core.package_identification:_identify(.) by extensions ['python_setup_py']
[0.495s] Level 1:colcon.colcon_core.package_identification:_identify(.) by extension 'python_setup_py'
[0.495s] Level 1:colcon.colcon_core.package_identification:_identify(build) by extensions ['ignore', 'ignore_ament_install']
[0.495s] Level 1:colcon.colcon_core.package_identification:_identify(build) by extension 'ignore'
[0.495s] Level 1:colcon.colcon_core.package_identification:_identify(build) ignored
[0.496s] Level 1:colcon.colcon_core.package_identification:_identify(install) by extensions ['ignore', 'ignore_ament_install']
[0.496s] Level 1:colcon.colcon_core.package_identification:_identify(install) by extension 'ignore'
[0.496s] Level 1:colcon.colcon_core.package_identification:_identify(install) ignored
[0.496s] Level 1:colcon.colcon_core.package_identification:_identify(log) by extensions ['ignore', 'ignore_ament_install']
[0.497s] Level 1:colcon.colcon_core.package_identification:_identify(log) by extension 'ignore'
[0.497s] Level 1:colcon.colcon_core.package_identification:_identify(log) ignored
[0.497s] Level 1:colcon.colcon_core.package_identification:_identify(src) by extensions ['ignore', 'ignore_ament_install']
[0.497s] Level 1:colcon.colcon_core.package_identification:_identify(src) by extension 'ignore'
[0.497s] Level 1:colcon.colcon_core.package_identification:_identify(src) by extension 'ignore_ament_install'
[0.497s] Level 1:colcon.colcon_core.package_identification:_identify(src) by extensions ['colcon_pkg']
[0.497s] Level 1:colcon.colcon_core.package_identification:_identify(src) by extension 'colcon_pkg'
[0.497s] Level 1:colcon.colcon_core.package_identification:_identify(src) by extensions ['colcon_meta']
[0.498s] Level 1:colcon.colcon_core.package_identification:_identify(src) by extension 'colcon_meta'
[0.498s] Level 1:colcon.colcon_core.package_identification:_identify(src) by extensions ['ros']
[0.498s] Level 1:colcon.colcon_core.package_identification:_identify(src) by extension 'ros'
[0.498s] Level 1:colcon.colcon_core.package_identification:_identify(src) by extensions ['cmake', 'python']
[0.498s] Level 1:colcon.colcon_core.package_identification:_identify(src) by extension 'cmake'
[0.498s] Level 1:colcon.colcon_core.package_identification:_identify(src) by extension 'python'
[0.498s] Level 1:colcon.colcon_core.package_identification:_identify(src) by extensions ['python_setup_py']
[0.498s] Level 1:colcon.colcon_core.package_identification:_identify(src) by extension 'python_setup_py'
[0.499s] Level 1:colcon.colcon_core.package_identification:_identify(src/build) by extensions ['ignore', 'ignore_ament_install']
[0.499s] Level 1:colcon.colcon_core.package_identification:_identify(src/build) by extension 'ignore'
[0.499s] Level 1:colcon.colcon_core.package_identification:_identify(src/build) ignored
[0.499s] Level 1:colcon.colcon_core.package_identification:_identify(src/composition_cpp) by extensions ['ignore', 'ignore_ament_install']
[0.499s] Level 1:colcon.colcon_core.package_identification:_identify(src/composition_cpp) by extension 'ignore'
[0.499s] Level 1:colcon.colcon_core.package_identification:_identify(src/composition_cpp) by extension 'ignore_ament_install'
[0.499s] Level 1:colcon.colcon_core.package_identification:_identify(src/composition_cpp) by extensions ['colcon_pkg']
[0.499s] Level 1:colcon.colcon_core.package_identification:_identify(src/composition_cpp) by extension 'colcon_pkg'
[0.500s] Level 1:colcon.colcon_core.package_identification:_identify(src/composition_cpp) by extensions ['colcon_meta']
[0.500s] Level 1:colcon.colcon_core.package_identification:_identify(src/composition_cpp) by extension 'colcon_meta'
[0.500s] Level 1:colcon.colcon_core.package_identification:_identify(src/composition_cpp) by extensions ['ros']
[0.500s] Level 1:colcon.colcon_core.package_identification:_identify(src/composition_cpp) by extension 'ros'
[0.506s] DEBUG:colcon.colcon_core.package_identification:Package 'src/composition_cpp' with type 'ros.ament_cmake' and name 'composition_cpp'
[0.506s] Level 1:colcon.colcon_core.package_identification:_identify(src/cpp_parameters) by extensions ['ignore', 'ignore_ament_install']
[0.506s] Level 1:colcon.colcon_core.package_identification:_identify(src/cpp_parameters) by extension 'ignore'
[0.506s] Level 1:colcon.colcon_core.package_identification:_identify(src/cpp_parameters) by extension 'ignore_ament_install'
[0.507s] Level 1:colcon.colcon_core.package_identification:_identify(src/cpp_parameters) by extensions ['colcon_pkg']
[0.507s] Level 1:colcon.colcon_core.package_identification:_identify(src/cpp_parameters) by extension 'colcon_pkg'
[0.507s] Level 1:colcon.colcon_core.package_identification:_identify(src/cpp_parameters) by extensions ['colcon_meta']
[0.507s] Level 1:colcon.colcon_core.package_identification:_identify(src/cpp_parameters) by extension 'colcon_meta'
[0.507s] Level 1:colcon.colcon_core.package_identification:_identify(src/cpp_parameters) by extensions ['ros']
[0.507s] Level 1:colcon.colcon_core.package_identification:_identify(src/cpp_parameters) by extension 'ros'
[0.508s] DEBUG:colcon.colcon_core.package_identification:Package 'src/cpp_parameters' with type 'ros.ament_cmake' and name 'cpp_parameters'
[0.508s] Level 1:colcon.colcon_core.package_identification:_identify(src/cpp_pubsub) by extensions ['ignore', 'ignore_ament_install']
[0.509s] Level 1:colcon.colcon_core.package_identification:_identify(src/cpp_pubsub) by extension 'ignore'
[0.509s] Level 1:colcon.colcon_core.package_identification:_identify(src/cpp_pubsub) by extension 'ignore_ament_install'
[0.509s] Level 1:colcon.colcon_core.package_identification:_identify(src/cpp_pubsub) by extensions ['colcon_pkg']
[0.509s] Level 1:colcon.colcon_core.package_identification:_identify(src/cpp_pubsub) by extension 'colcon_pkg'
[0.509s] Level 1:colcon.colcon_core.package_identification:_identify(src/cpp_pubsub) by extensions ['colcon_meta']
[0.509s] Level 1:colcon.colcon_core.package_identification:_identify(src/cpp_pubsub) by extension 'colcon_meta'
[0.509s] Level 1:colcon.colcon_core.package_identification:_identify(src/cpp_pubsub) by extensions ['ros']
[0.509s] Level 1:colcon.colcon_core.package_identification:_identify(src/cpp_pubsub) by extension 'ros'
[0.510s] DEBUG:colcon.colcon_core.package_identification:Package 'src/cpp_pubsub' with type 'ros.ament_cmake' and name 'cpp_pubsub'
[0.511s] Level 1:colcon.colcon_core.package_identification:_identify(src/cpp_srvcli) by extensions ['ignore', 'ignore_ament_install']
[0.511s] Level 1:colcon.colcon_core.package_identification:_identify(src/cpp_srvcli) by extension 'ignore'
[0.511s] Level 1:colcon.colcon_core.package_identification:_identify(src/cpp_srvcli) by extension 'ignore_ament_install'
[0.511s] Level 1:colcon.colcon_core.package_identification:_identify(src/cpp_srvcli) by extensions ['colcon_pkg']
[0.511s] Level 1:colcon.colcon_core.package_identification:_identify(src/cpp_srvcli) by extension 'colcon_pkg'
[0.511s] Level 1:colcon.colcon_core.package_identification:_identify(src/cpp_srvcli) by extensions ['colcon_meta']
[0.511s] Level 1:colcon.colcon_core.package_identification:_identify(src/cpp_srvcli) by extension 'colcon_meta'
[0.511s] Level 1:colcon.colcon_core.package_identification:_identify(src/cpp_srvcli) by extensions ['ros']
[0.512s] Level 1:colcon.colcon_core.package_identification:_identify(src/cpp_srvcli) by extension 'ros'
[0.513s] DEBUG:colcon.colcon_core.package_identification:Package 'src/cpp_srvcli' with type 'ros.ament_cmake' and name 'cpp_srvcli'
[0.513s] Level 1:colcon.colcon_core.package_identification:_identify(src/custom_action_cpp) by extensions ['ignore', 'ignore_ament_install']
[0.513s] Level 1:colcon.colcon_core.package_identification:_identify(src/custom_action_cpp) by extension 'ignore'
[0.513s] Level 1:colcon.colcon_core.package_identification:_identify(src/custom_action_cpp) by extension 'ignore_ament_install'
[0.514s] Level 1:colcon.colcon_core.package_identification:_identify(src/custom_action_cpp) by extensions ['colcon_pkg']
[0.514s] Level 1:colcon.colcon_core.package_identification:_identify(src/custom_action_cpp) by extension 'colcon_pkg'
[0.514s] Level 1:colcon.colcon_core.package_identification:_identify(src/custom_action_cpp) by extensions ['colcon_meta']
[0.514s] Level 1:colcon.colcon_core.package_identification:_identify(src/custom_action_cpp) by extension 'colcon_meta'
[0.514s] Level 1:colcon.colcon_core.package_identification:_identify(src/custom_action_cpp) by extensions ['ros']
[0.514s] Level 1:colcon.colcon_core.package_identification:_identify(src/custom_action_cpp) by extension 'ros'
[0.515s] DEBUG:colcon.colcon_core.package_identification:Package 'src/custom_action_cpp' with type 'ros.ament_cmake' and name 'custom_action_cpp'
[0.516s] Level 1:colcon.colcon_core.package_identification:_identify(src/custom_action_interfaces) by extensions ['ignore', 'ignore_ament_install']
[0.516s] Level 1:colcon.colcon_core.package_identification:_identify(src/custom_action_interfaces) by extension 'ignore'
[0.516s] Level 1:colcon.colcon_core.package_identification:_identify(src/custom_action_interfaces) by extension 'ignore_ament_install'
[0.516s] Level 1:colcon.colcon_core.package_identification:_identify(src/custom_action_interfaces) by extensions ['colcon_pkg']
[0.516s] Level 1:colcon.colcon_core.package_identification:_identify(src/custom_action_interfaces) by extension 'colcon_pkg'
[0.516s] Level 1:colcon.colcon_core.package_identification:_identify(src/custom_action_interfaces) by extensions ['colcon_meta']
[0.516s] Level 1:colcon.colcon_core.package_identification:_identify(src/custom_action_interfaces) by extension 'colcon_meta'
[0.516s] Level 1:colcon.colcon_core.package_identification:_identify(src/custom_action_interfaces) by extensions ['ros']
[0.517s] Level 1:colcon.colcon_core.package_identification:_identify(src/custom_action_interfaces) by extension 'ros'
[0.517s] DEBUG:colcon.colcon_core.package_identification:Package 'src/custom_action_interfaces' with type 'ros.ament_cmake' and name 'custom_action_interfaces'
[0.518s] Level 1:colcon.colcon_core.package_identification:_identify(src/examples) by extensions ['ignore', 'ignore_ament_install']
[0.518s] Level 1:colcon.colcon_core.package_identification:_identify(src/examples) by extension 'ignore'
[0.518s] Level 1:colcon.colcon_core.package_identification:_identify(src/examples) by extension 'ignore_ament_install'
[0.518s] Level 1:colcon.colcon_core.package_identification:_identify(src/examples) by extensions ['colcon_pkg']
[0.518s] Level 1:colcon.colcon_core.package_identification:_identify(src/examples) by extension 'colcon_pkg'
[0.518s] Level 1:colcon.colcon_core.package_identification:_identify(src/examples) by extensions ['colcon_meta']
[0.518s] Level 1:colcon.colcon_core.package_identification:_identify(src/examples) by extension 'colcon_meta'
[0.518s] Level 1:colcon.colcon_core.package_identification:_identify(src/examples) by extensions ['ros']
[0.519s] Level 1:colcon.colcon_core.package_identification:_identify(src/examples) by extension 'ros'
[0.519s] Level 1:colcon.colcon_core.package_identification:_identify(src/examples) by extensions ['cmake', 'python']
[0.519s] Level 1:colcon.colcon_core.package_identification:_identify(src/examples) by extension 'cmake'
[0.519s] Level 1:colcon.colcon_core.package_identification:_identify(src/examples) by extension 'python'
[0.519s] Level 1:colcon.colcon_core.package_identification:_identify(src/examples) by extensions ['python_setup_py']
[0.519s] Level 1:colcon.colcon_core.package_identification:_identify(src/examples) by extension 'python_setup_py'
[0.519s] Level 1:colcon.colcon_core.package_identification:_identify(src/examples/launch_testing) by extensions ['ignore', 'ignore_ament_install']
[0.519s] Level 1:colcon.colcon_core.package_identification:_identify(src/examples/launch_testing) by extension 'ignore'
[0.520s] Level 1:colcon.colcon_core.package_identification:_identify(src/examples/launch_testing) by extension 'ignore_ament_install'
[0.520s] Level 1:colcon.colcon_core.package_identification:_identify(src/examples/launch_testing) by extensions ['colcon_pkg']
[0.520s] Level 1:colcon.colcon_core.package_identification:_identify(src/examples/launch_testing) by extension 'colcon_pkg'
[0.520s] Level 1:colcon.colcon_core.package_identification:_identify(src/examples/launch_testing) by extensions ['colcon_meta']
[0.520s] Level 1:colcon.colcon_core.package_identification:_identify(src/examples/launch_testing) by extension 'colcon_meta'
[0.520s] Level 1:colcon.colcon_core.package_identification:_identify(src/examples/launch_testing) by extensions ['ros']
[0.520s] Level 1:colcon.colcon_core.package_identification:_identify(src/examples/launch_testing) by extension 'ros'
[0.520s] Level 1:colcon.colcon_core.package_identification:_identify(src/examples/launch_testing) by extensions ['cmake', 'python']
[0.520s] Level 1:colcon.colcon_core.package_identification:_identify(src/examples/launch_testing) by extension 'cmake'
[0.521s] Level 1:colcon.colcon_core.package_identification:_identify(src/examples/launch_testing) by extension 'python'
[0.521s] Level 1:colcon.colcon_core.package_identification:_identify(src/examples/launch_testing) by extensions ['python_setup_py']
[0.521s] Level 1:colcon.colcon_core.package_identification:_identify(src/examples/launch_testing) by extension 'python_setup_py'
[0.521s] Level 1:colcon.colcon_core.package_identification:_identify(src/examples/launch_testing/launch_testing_examples) by extensions ['ignore', 'ignore_ament_install']
[0.521s] Level 1:colcon.colcon_core.package_identification:_identify(src/examples/launch_testing/launch_testing_examples) by extension 'ignore'
[0.521s] Level 1:colcon.colcon_core.package_identification:_identify(src/examples/launch_testing/launch_testing_examples) by extension 'ignore_ament_install'
[0.522s] Level 1:colcon.colcon_core.package_identification:_identify(src/examples/launch_testing/launch_testing_examples) by extensions ['colcon_pkg']
[0.522s] Level 1:colcon.colcon_core.package_identification:_identify(src/examples/launch_testing/launch_testing_examples) by extension 'colcon_pkg'
[0.522s] Level 1:colcon.colcon_core.package_identification:_identify(src/examples/launch_testing/launch_testing_examples) by extensions ['colcon_meta']
[0.522s] Level 1:colcon.colcon_core.package_identification:_identify(src/examples/launch_testing/launch_testing_examples) by extension 'colcon_meta'
[0.522s] Level 1:colcon.colcon_core.package_identification:_identify(src/examples/launch_testing/launch_testing_examples) by extensions ['ros']
[0.522s] Level 1:colcon.colcon_core.package_identification:_identify(src/examples/launch_testing/launch_testing_examples) by extension 'ros'
[0.523s] DEBUG:colcon.colcon_core.package_identification:Package 'src/examples/launch_testing/launch_testing_examples' with type 'ros.ament_python' and name 'launch_testing_examples'
[0.523s] Level 1:colcon.colcon_core.package_identification:_identify(src/examples/rclcpp) by extensions ['ignore', 'ignore_ament_install']
[0.524s] Level 1:colcon.colcon_core.package_identification:_identify(src/examples/rclcpp) by extension 'ignore'
[0.524s] Level 1:colcon.colcon_core.package_identification:_identify(src/examples/rclcpp) by extension 'ignore_ament_install'
[0.524s] Level 1:colcon.colcon_core.package_identification:_identify(src/examples/rclcpp) by extensions ['colcon_pkg']
[0.524s] Level 1:colcon.colcon_core.package_identification:_identify(src/examples/rclcpp) by extension 'colcon_pkg'
[0.524s] Level 1:colcon.colcon_core.package_identification:_identify(src/examples/rclcpp) by extensions ['colcon_meta']
[0.524s] Level 1:colcon.colcon_core.package_identification:_identify(src/examples/rclcpp) by extension 'colcon_meta'
[0.524s] Level 1:colcon.colcon_core.package_identification:_identify(src/examples/rclcpp) by extensions ['ros']
[0.524s] Level 1:colcon.colcon_core.package_identification:_identify(src/examples/rclcpp) by extension 'ros'
[0.524s] Level 1:colcon.colcon_core.package_identification:_identify(src/examples/rclcpp) by extensions ['cmake', 'python']
[0.525s] Level 1:colcon.colcon_core.package_identification:_identify(src/examples/rclcpp) by extension 'cmake'
[0.525s] Level 1:colcon.colcon_core.package_identification:_identify(src/examples/rclcpp) by extension 'python'
[0.525s] Level 1:colcon.colcon_core.package_identification:_identify(src/examples/rclcpp) by extensions ['python_setup_py']
[0.525s] Level 1:colcon.colcon_core.package_identification:_identify(src/examples/rclcpp) by extension 'python_setup_py'
[0.525s] Level 1:colcon.colcon_core.package_identification:_identify(src/examples/rclcpp/actions) by extensions ['ignore', 'ignore_ament_install']
[0.525s] Level 1:colcon.colcon_core.package_identification:_identify(src/examples/rclcpp/actions) by extension 'ignore'
[0.525s] Level 1:colcon.colcon_core.package_identification:_identify(src/examples/rclcpp/actions) by extension 'ignore_ament_install'
[0.526s] Level 1:colcon.colcon_core.package_identification:_identify(src/examples/rclcpp/actions) by extensions ['colcon_pkg']
[0.526s] Level 1:colcon.colcon_core.package_identification:_identify(src/examples/rclcpp/actions) by extension 'colcon_pkg'
[0.526s] Level 1:colcon.colcon_core.package_identification:_identify(src/examples/rclcpp/actions) by extensions ['colcon_meta']
[0.526s] Level 1:colcon.colcon_core.package_identification:_identify(src/examples/rclcpp/actions) by extension 'colcon_meta'
[0.526s] Level 1:colcon.colcon_core.package_identification:_identify(src/examples/rclcpp/actions) by extensions ['ros']
[0.526s] Level 1:colcon.colcon_core.package_identification:_identify(src/examples/rclcpp/actions) by extension 'ros'
[0.526s] Level 1:colcon.colcon_core.package_identification:_identify(src/examples/rclcpp/actions) by extensions ['cmake', 'python']
[0.526s] Level 1:colcon.colcon_core.package_identification:_identify(src/examples/rclcpp/actions) by extension 'cmake'
[0.526s] Level 1:colcon.colcon_core.package_identification:_identify(src/examples/rclcpp/actions) by extension 'python'
[0.526s] Level 1:colcon.colcon_core.package_identification:_identify(src/examples/rclcpp/actions) by extensions ['python_setup_py']
[0.526s] Level 1:colcon.colcon_core.package_identification:_identify(src/examples/rclcpp/actions) by extension 'python_setup_py'
[0.527s] Level 1:colcon.colcon_core.package_identification:_identify(src/examples/rclcpp/actions/minimal_action_client) by extensions ['ignore', 'ignore_ament_install']
[0.527s] Level 1:colcon.colcon_core.package_identification:_identify(src/examples/rclcpp/actions/minimal_action_client) by extension 'ignore'
[0.527s] Level 1:colcon.colcon_core.package_identification:_identify(src/examples/rclcpp/actions/minimal_action_client) by extension 'ignore_ament_install'
[0.527s] Level 1:colcon.colcon_core.package_identification:_identify(src/examples/rclcpp/actions/minimal_action_client) by extensions ['colcon_pkg']
[0.527s] Level 1:colcon.colcon_core.package_identification:_identify(src/examples/rclcpp/actions/minimal_action_client) by extension 'colcon_pkg'
[0.527s] Level 1:colcon.colcon_core.package_identification:_identify(src/examples/rclcpp/actions/minimal_action_client) by extensions ['colcon_meta']
[0.527s] Level 1:colcon.colcon_core.package_identification:_identify(src/examples/rclcpp/actions/minimal_action_client) by extension 'colcon_meta'
[0.528s] Level 1:colcon.colcon_core.package_identification:_identify(src/examples/rclcpp/actions/minimal_action_client) by extensions ['ros']
[0.528s] Level 1:colcon.colcon_core.package_identification:_identify(src/examples/rclcpp/actions/minimal_action_client) by extension 'ros'
[0.529s] DEBUG:colcon.colcon_core.package_identification:Package 'src/examples/rclcpp/actions/minimal_action_client' with type 'ros.ament_cmake' and name 'examples_rclcpp_minimal_action_client'
[0.529s] Level 1:colcon.colcon_core.package_identification:_identify(src/examples/rclcpp/actions/minimal_action_server) by extensions ['ignore', 'ignore_ament_install']
[0.530s] Level 1:colcon.colcon_core.package_identification:_identify(src/examples/rclcpp/actions/minimal_action_server) by extension 'ignore'
[0.530s] Level 1:colcon.colcon_core.package_identification:_identify(src/examples/rclcpp/actions/minimal_action_server) by extension 'ignore_ament_install'
[0.530s] Level 1:colcon.colcon_core.package_identification:_identify(src/examples/rclcpp/actions/minimal_action_server) by extensions ['colcon_pkg']
[0.530s] Level 1:colcon.colcon_core.package_identification:_identify(src/examples/rclcpp/actions/minimal_action_server) by extension 'colcon_pkg'
[0.530s] Level 1:colcon.colcon_core.package_identification:_identify(src/examples/rclcpp/actions/minimal_action_server) by extensions ['colcon_meta']
[0.530s] Level 1:colcon.colcon_core.package_identification:_identify(src/examples/rclcpp/actions/minimal_action_server) by extension 'colcon_meta'
[0.530s] Level 1:colcon.colcon_core.package_identification:_identify(src/examples/rclcpp/actions/minimal_action_server) by extensions ['ros']
[0.530s] Level 1:colcon.colcon_core.package_identification:_identify(src/examples/rclcpp/actions/minimal_action_server) by extension 'ros'
[0.532s] DEBUG:colcon.colcon_core.package_identification:Package 'src/examples/rclcpp/actions/minimal_action_server' with type 'ros.ament_cmake' and name 'examples_rclcpp_minimal_action_server'
[0.532s] Level 1:colcon.colcon_core.package_identification:_identify(src/examples/rclcpp/composition) by extensions ['ignore', 'ignore_ament_install']
[0.532s] Level 1:colcon.colcon_core.package_identification:_identify(src/examples/rclcpp/composition) by extension 'ignore'
[0.532s] Level 1:colcon.colcon_core.package_identification:_identify(src/examples/rclcpp/composition) by extension 'ignore_ament_install'
[0.533s] Level 1:colcon.colcon_core.package_identification:_identify(src/examples/rclcpp/composition) by extensions ['colcon_pkg']
[0.533s] Level 1:colcon.colcon_core.package_identification:_identify(src/examples/rclcpp/composition) by extension 'colcon_pkg'
[0.533s] Level 1:colcon.colcon_core.package_identification:_identify(src/examples/rclcpp/composition) by extensions ['colcon_meta']
[0.533s] Level 1:colcon.colcon_core.package_identification:_identify(src/examples/rclcpp/composition) by extension 'colcon_meta'
[0.533s] Level 1:colcon.colcon_core.package_identification:_identify(src/examples/rclcpp/composition) by extensions ['ros']
[0.533s] Level 1:colcon.colcon_core.package_identification:_identify(src/examples/rclcpp/composition) by extension 'ros'
[0.533s] Level 1:colcon.colcon_core.package_identification:_identify(src/examples/rclcpp/composition) by extensions ['cmake', 'python']
[0.533s] Level 1:colcon.colcon_core.package_identification:_identify(src/examples/rclcpp/composition) by extension 'cmake'
[0.533s] Level 1:colcon.colcon_core.package_identification:_identify(src/examples/rclcpp/composition) by extension 'python'
[0.533s] Level 1:colcon.colcon_core.package_identification:_identify(src/examples/rclcpp/composition) by extensions ['python_setup_py']
[0.534s] Level 1:colcon.colcon_core.package_identification:_identify(src/examples/rclcpp/composition) by extension 'python_setup_py'
[0.534s] Level 1:colcon.colcon_core.package_identification:_identify(src/examples/rclcpp/composition/minimal_composition) by extensions ['ignore', 'ignore_ament_install']
[0.534s] Level 1:colcon.colcon_core.package_identification:_identify(src/examples/rclcpp/composition/minimal_composition) by extension 'ignore'
[0.534s] Level 1:colcon.colcon_core.package_identification:_identify(src/examples/rclcpp/composition/minimal_composition) by extension 'ignore_ament_install'
[0.534s] Level 1:colcon.colcon_core.package_identification:_identify(src/examples/rclcpp/composition/minimal_composition) by extensions ['colcon_pkg']
[0.534s] Level 1:colcon.colcon_core.package_identification:_identify(src/examples/rclcpp/composition/minimal_composition) by extension 'colcon_pkg'
[0.534s] Level 1:colcon.colcon_core.package_identification:_identify(src/examples/rclcpp/composition/minimal_composition) by extensions ['colcon_meta']
[0.534s] Level 1:colcon.colcon_core.package_identification:_identify(src/examples/rclcpp/composition/minimal_composition) by extension 'colcon_meta'
[0.535s] Level 1:colcon.colcon_core.package_identification:_identify(src/examples/rclcpp/composition/minimal_composition) by extensions ['ros']
[0.535s] Level 1:colcon.colcon_core.package_identification:_identify(src/examples/rclcpp/composition/minimal_composition) by extension 'ros'
[0.536s] DEBUG:colcon.colcon_core.package_identification:Package 'src/examples/rclcpp/composition/minimal_composition' with type 'ros.ament_cmake' and name 'examples_rclcpp_minimal_composition'
[0.536s] Level 1:colcon.colcon_core.package_identification:_identify(src/examples/rclcpp/executors) by extensions ['ignore', 'ignore_ament_install']
[0.536s] Level 1:colcon.colcon_core.package_identification:_identify(src/examples/rclcpp/executors) by extension 'ignore'
[0.536s] Level 1:colcon.colcon_core.package_identification:_identify(src/examples/rclcpp/executors) by extension 'ignore_ament_install'
[0.537s] Level 1:colcon.colcon_core.package_identification:_identify(src/examples/rclcpp/executors) by extensions ['colcon_pkg']
[0.537s] Level 1:colcon.colcon_core.package_identification:_identify(src/examples/rclcpp/executors) by extension 'colcon_pkg'
[0.537s] Level 1:colcon.colcon_core.package_identification:_identify(src/examples/rclcpp/executors) by extensions ['colcon_meta']
[0.537s] Level 1:colcon.colcon_core.package_identification:_identify(src/examples/rclcpp/executors) by extension 'colcon_meta'
[0.537s] Level 1:colcon.colcon_core.package_identification:_identify(src/examples/rclcpp/executors) by extensions ['ros']
[0.537s] Level 1:colcon.colcon_core.package_identification:_identify(src/examples/rclcpp/executors) by extension 'ros'
[0.537s] Level 1:colcon.colcon_core.package_identification:_identify(src/examples/rclcpp/executors) by extensions ['cmake', 'python']
[0.537s] Level 1:colcon.colcon_core.package_identification:_identify(src/examples/rclcpp/executors) by extension 'cmake'
[0.537s] Level 1:colcon.colcon_core.package_identification:_identify(src/examples/rclcpp/executors) by extension 'python'
[0.538s] Level 1:colcon.colcon_core.package_identification:_identify(src/examples/rclcpp/executors) by extensions ['python_setup_py']
[0.538s] Level 1:colcon.colcon_core.package_identification:_identify(src/examples/rclcpp/executors) by extension 'python_setup_py'
[0.538s] Level 1:colcon.colcon_core.package_identification:_identify(src/examples/rclcpp/executors/cbg_executor) by extensions ['ignore', 'ignore_ament_install']
[0.538s] Level 1:colcon.colcon_core.package_identification:_identify(src/examples/rclcpp/executors/cbg_executor) by extension 'ignore'
[0.538s] Level 1:colcon.colcon_core.package_identification:_identify(src/examples/rclcpp/executors/cbg_executor) by extension 'ignore_ament_install'
[0.538s] Level 1:colcon.colcon_core.package_identification:_identify(src/examples/rclcpp/executors/cbg_executor) by extensions ['colcon_pkg']
[0.538s] Level 1:colcon.colcon_core.package_identification:_identify(src/examples/rclcpp/executors/cbg_executor) by extension 'colcon_pkg'
[0.538s] Level 1:colcon.colcon_core.package_identification:_identify(src/examples/rclcpp/executors/cbg_executor) by extensions ['colcon_meta']
[0.539s] Level 1:colcon.colcon_core.package_identification:_identify(src/examples/rclcpp/executors/cbg_executor) by extension 'colcon_meta'
[0.539s] Level 1:colcon.colcon_core.package_identification:_identify(src/examples/rclcpp/executors/cbg_executor) by extensions ['ros']
[0.539s] Level 1:colcon.colcon_core.package_identification:_identify(src/examples/rclcpp/executors/cbg_executor) by extension 'ros'
[0.540s] DEBUG:colcon.colcon_core.package_identification:Package 'src/examples/rclcpp/executors/cbg_executor' with type 'ros.ament_cmake' and name 'examples_rclcpp_cbg_executor'
[0.540s] Level 1:colcon.colcon_core.package_identification:_identify(src/examples/rclcpp/executors/multithreaded_executor) by extensions ['ignore', 'ignore_ament_install']
[0.541s] Level 1:colcon.colcon_core.package_identification:_identify(src/examples/rclcpp/executors/multithreaded_executor) by extension 'ignore'
[0.541s] Level 1:colcon.colcon_core.package_identification:_identify(src/examples/rclcpp/executors/multithreaded_executor) by extension 'ignore_ament_install'
[0.541s] Level 1:colcon.colcon_core.package_identification:_identify(src/examples/rclcpp/executors/multithreaded_executor) by extensions ['colcon_pkg']
[0.541s] Level 1:colcon.colcon_core.package_identification:_identify(src/examples/rclcpp/executors/multithreaded_executor) by extension 'colcon_pkg'
[0.541s] Level 1:colcon.colcon_core.package_identification:_identify(src/examples/rclcpp/executors/multithreaded_executor) by extensions ['colcon_meta']
[0.541s] Level 1:colcon.colcon_core.package_identification:_identify(src/examples/rclcpp/executors/multithreaded_executor) by extension 'colcon_meta'
[0.541s] Level 1:colcon.colcon_core.package_identification:_identify(src/examples/rclcpp/executors/multithreaded_executor) by extensions ['ros']
[0.541s] Level 1:colcon.colcon_core.package_identification:_identify(src/examples/rclcpp/executors/multithreaded_executor) by extension 'ros'
[0.542s] DEBUG:colcon.colcon_core.package_identification:Package 'src/examples/rclcpp/executors/multithreaded_executor' with type 'ros.ament_cmake' and name 'examples_rclcpp_multithreaded_executor'
[0.543s] Level 1:colcon.colcon_core.package_identification:_identify(src/examples/rclcpp/services) by extensions ['ignore', 'ignore_ament_install']
[0.543s] Level 1:colcon.colcon_core.package_identification:_identify(src/examples/rclcpp/services) by extension 'ignore'
[0.543s] Level 1:colcon.colcon_core.package_identification:_identify(src/examples/rclcpp/services) by extension 'ignore_ament_install'
[0.543s] Level 1:colcon.colcon_core.package_identification:_identify(src/examples/rclcpp/services) by extensions ['colcon_pkg']
[0.543s] Level 1:colcon.colcon_core.package_identification:_identify(src/examples/rclcpp/services) by extension 'colcon_pkg'
[0.543s] Level 1:colcon.colcon_core.package_identification:_identify(src/examples/rclcpp/services) by extensions ['colcon_meta']
[0.543s] Level 1:colcon.colcon_core.package_identification:_identify(src/examples/rclcpp/services) by extension 'colcon_meta'
[0.544s] Level 1:colcon.colcon_core.package_identification:_identify(src/examples/rclcpp/services) by extensions ['ros']
[0.544s] Level 1:colcon.colcon_core.package_identification:_identify(src/examples/rclcpp/services) by extension 'ros'
[0.544s] Level 1:colcon.colcon_core.package_identification:_identify(src/examples/rclcpp/services) by extensions ['cmake', 'python']
[0.544s] Level 1:colcon.colcon_core.package_identification:_identify(src/examples/rclcpp/services) by extension 'cmake'
[0.544s] Level 1:colcon.colcon_core.package_identification:_identify(src/examples/rclcpp/services) by extension 'python'
[0.544s] Level 1:colcon.colcon_core.package_identification:_identify(src/examples/rclcpp/services) by extensions ['python_setup_py']
[0.544s] Level 1:colcon.colcon_core.package_identification:_identify(src/examples/rclcpp/services) by extension 'python_setup_py'
[0.544s] Level 1:colcon.colcon_core.package_identification:_identify(src/examples/rclcpp/services/async_client) by extensions ['ignore', 'ignore_ament_install']
[0.545s] Level 1:colcon.colcon_core.package_identification:_identify(src/examples/rclcpp/services/async_client) by extension 'ignore'
[0.545s] Level 1:colcon.colcon_core.package_identification:_identify(src/examples/rclcpp/services/async_client) by extension 'ignore_ament_install'
[0.545s] Level 1:colcon.colcon_core.package_identification:_identify(src/examples/rclcpp/services/async_client) by extensions ['colcon_pkg']
[0.545s] Level 1:colcon.colcon_core.package_identification:_identify(src/examples/rclcpp/services/async_client) by extension 'colcon_pkg'
[0.545s] Level 1:colcon.colcon_core.package_identification:_identify(src/examples/rclcpp/services/async_client) by extensions ['colcon_meta']
[0.545s] Level 1:colcon.colcon_core.package_identification:_identify(src/examples/rclcpp/services/async_client) by extension 'colcon_meta'
[0.545s] Level 1:colcon.colcon_core.package_identification:_identify(src/examples/rclcpp/services/async_client) by extensions ['ros']
[0.545s] Level 1:colcon.colcon_core.package_identification:_identify(src/examples/rclcpp/services/async_client) by extension 'ros'
[0.546s] DEBUG:colcon.colcon_core.package_identification:Package 'src/examples/rclcpp/services/async_client' with type 'ros.ament_cmake' and name 'examples_rclcpp_async_client'
[0.547s] Level 1:colcon.colcon_core.package_identification:_identify(src/examples/rclcpp/services/minimal_client) by extensions ['ignore', 'ignore_ament_install']
[0.547s] Level 1:colcon.colcon_core.package_identification:_identify(src/examples/rclcpp/services/minimal_client) by extension 'ignore'
[0.547s] Level 1:colcon.colcon_core.package_identification:_identify(src/examples/rclcpp/services/minimal_client) by extension 'ignore_ament_install'
[0.547s] Level 1:colcon.colcon_core.package_identification:_identify(src/examples/rclcpp/services/minimal_client) by extensions ['colcon_pkg']
[0.547s] Level 1:colcon.colcon_core.package_identification:_identify(src/examples/rclcpp/services/minimal_client) by extension 'colcon_pkg'
[0.547s] Level 1:colcon.colcon_core.package_identification:_identify(src/examples/rclcpp/services/minimal_client) by extensions ['colcon_meta']
[0.547s] Level 1:colcon.colcon_core.package_identification:_identify(src/examples/rclcpp/services/minimal_client) by extension 'colcon_meta'
[0.548s] Level 1:colcon.colcon_core.package_identification:_identify(src/examples/rclcpp/services/minimal_client) by extensions ['ros']
[0.548s] Level 1:colcon.colcon_core.package_identification:_identify(src/examples/rclcpp/services/minimal_client) by extension 'ros'
[0.549s] DEBUG:colcon.colcon_core.package_identification:Package 'src/examples/rclcpp/services/minimal_client' with type 'ros.ament_cmake' and name 'examples_rclcpp_minimal_client'
[0.549s] Level 1:colcon.colcon_core.package_identification:_identify(src/examples/rclcpp/services/minimal_service) by extensions ['ignore', 'ignore_ament_install']
[0.549s] Level 1:colcon.colcon_core.package_identification:_identify(src/examples/rclcpp/services/minimal_service) by extension 'ignore'
[0.550s] Level 1:colcon.colcon_core.package_identification:_identify(src/examples/rclcpp/services/minimal_service) by extension 'ignore_ament_install'
[0.550s] Level 1:colcon.colcon_core.package_identification:_identify(src/examples/rclcpp/services/minimal_service) by extensions ['colcon_pkg']
[0.550s] Level 1:colcon.colcon_core.package_identification:_identify(src/examples/rclcpp/services/minimal_service) by extension 'colcon_pkg'
[0.550s] Level 1:colcon.colcon_core.package_identification:_identify(src/examples/rclcpp/services/minimal_service) by extensions ['colcon_meta']
[0.550s] Level 1:colcon.colcon_core.package_identification:_identify(src/examples/rclcpp/services/minimal_service) by extension 'colcon_meta'
[0.550s] Level 1:colcon.colcon_core.package_identification:_identify(src/examples/rclcpp/services/minimal_service) by extensions ['ros']
[0.550s] Level 1:colcon.colcon_core.package_identification:_identify(src/examples/rclcpp/services/minimal_service) by extension 'ros'
[0.551s] DEBUG:colcon.colcon_core.package_identification:Package 'src/examples/rclcpp/services/minimal_service' with type 'ros.ament_cmake' and name 'examples_rclcpp_minimal_service'
[0.552s] Level 1:colcon.colcon_core.package_identification:_identify(src/examples/rclcpp/timers) by extensions ['ignore', 'ignore_ament_install']
[0.552s] Level 1:colcon.colcon_core.package_identification:_identify(src/examples/rclcpp/timers) by extension 'ignore'
[0.552s] Level 1:colcon.colcon_core.package_identification:_identify(src/examples/rclcpp/timers) by extension 'ignore_ament_install'
[0.552s] Level 1:colcon.colcon_core.package_identification:_identify(src/examples/rclcpp/timers) by extensions ['colcon_pkg']
[0.552s] Level 1:colcon.colcon_core.package_identification:_identify(src/examples/rclcpp/timers) by extension 'colcon_pkg'
[0.552s] Level 1:colcon.colcon_core.package_identification:_identify(src/examples/rclcpp/timers) by extensions ['colcon_meta']
[0.552s] Level 1:colcon.colcon_core.package_identification:_identify(src/examples/rclcpp/timers) by extension 'colcon_meta'
[0.552s] Level 1:colcon.colcon_core.package_identification:_identify(src/examples/rclcpp/timers) by extensions ['ros']
[0.552s] Level 1:colcon.colcon_core.package_identification:_identify(src/examples/rclcpp/timers) by extension 'ros'
[0.553s] Level 1:colcon.colcon_core.package_identification:_identify(src/examples/rclcpp/timers) by extensions ['cmake', 'python']
[0.553s] Level 1:colcon.colcon_core.package_identification:_identify(src/examples/rclcpp/timers) by extension 'cmake'
[0.553s] Level 1:colcon.colcon_core.package_identification:_identify(src/examples/rclcpp/timers) by extension 'python'
[0.553s] Level 1:colcon.colcon_core.package_identification:_identify(src/examples/rclcpp/timers) by extensions ['python_setup_py']
[0.553s] Level 1:colcon.colcon_core.package_identification:_identify(src/examples/rclcpp/timers) by extension 'python_setup_py'
[0.553s] Level 1:colcon.colcon_core.package_identification:_identify(src/examples/rclcpp/timers/minimal_timer) by extensions ['ignore', 'ignore_ament_install']
[0.553s] Level 1:colcon.colcon_core.package_identification:_identify(src/examples/rclcpp/timers/minimal_timer) by extension 'ignore'
[0.554s] Level 1:colcon.colcon_core.package_identification:_identify(src/examples/rclcpp/timers/minimal_timer) by extension 'ignore_ament_install'
[0.554s] Level 1:colcon.colcon_core.package_identification:_identify(src/examples/rclcpp/timers/minimal_timer) by extensions ['colcon_pkg']
[0.554s] Level 1:colcon.colcon_core.package_identification:_identify(src/examples/rclcpp/timers/minimal_timer) by extension 'colcon_pkg'
[0.554s] Level 1:colcon.colcon_core.package_identification:_identify(src/examples/rclcpp/timers/minimal_timer) by extensions ['colcon_meta']
[0.554s] Level 1:colcon.colcon_core.package_identification:_identify(src/examples/rclcpp/timers/minimal_timer) by extension 'colcon_meta'
[0.554s] Level 1:colcon.colcon_core.package_identification:_identify(src/examples/rclcpp/timers/minimal_timer) by extensions ['ros']
[0.554s] Level 1:colcon.colcon_core.package_identification:_identify(src/examples/rclcpp/timers/minimal_timer) by extension 'ros'
[0.555s] DEBUG:colcon.colcon_core.package_identification:Package 'src/examples/rclcpp/timers/minimal_timer' with type 'ros.ament_cmake' and name 'examples_rclcpp_minimal_timer'
[0.556s] Level 1:colcon.colcon_core.package_identification:_identify(src/examples/rclcpp/topics) by extensions ['ignore', 'ignore_ament_install']
[0.556s] Level 1:colcon.colcon_core.package_identification:_identify(src/examples/rclcpp/topics) by extension 'ignore'
[0.556s] Level 1:colcon.colcon_core.package_identification:_identify(src/examples/rclcpp/topics) by extension 'ignore_ament_install'
[0.556s] Level 1:colcon.colcon_core.package_identification:_identify(src/examples/rclcpp/topics) by extensions ['colcon_pkg']
[0.556s] Level 1:colcon.colcon_core.package_identification:_identify(src/examples/rclcpp/topics) by extension 'colcon_pkg'
[0.556s] Level 1:colcon.colcon_core.package_identification:_identify(src/examples/rclcpp/topics) by extensions ['colcon_meta']
[0.556s] Level 1:colcon.colcon_core.package_identification:_identify(src/examples/rclcpp/topics) by extension 'colcon_meta'
[0.557s] Level 1:colcon.colcon_core.package_identification:_identify(src/examples/rclcpp/topics) by extensions ['ros']
[0.557s] Level 1:colcon.colcon_core.package_identification:_identify(src/examples/rclcpp/topics) by extension 'ros'
[0.557s] Level 1:colcon.colcon_core.package_identification:_identify(src/examples/rclcpp/topics) by extensions ['cmake', 'python']
[0.557s] Level 1:colcon.colcon_core.package_identification:_identify(src/examples/rclcpp/topics) by extension 'cmake'
[0.557s] Level 1:colcon.colcon_core.package_identification:_identify(src/examples/rclcpp/topics) by extension 'python'
[0.557s] Level 1:colcon.colcon_core.package_identification:_identify(src/examples/rclcpp/topics) by extensions ['python_setup_py']
[0.557s] Level 1:colcon.colcon_core.package_identification:_identify(src/examples/rclcpp/topics) by extension 'python_setup_py'
[0.558s] Level 1:colcon.colcon_core.package_identification:_identify(src/examples/rclcpp/topics/minimal_publisher) by extensions ['ignore', 'ignore_ament_install']
[0.558s] Level 1:colcon.colcon_core.package_identification:_identify(src/examples/rclcpp/topics/minimal_publisher) by extension 'ignore'
[0.558s] Level 1:colcon.colcon_core.package_identification:_identify(src/examples/rclcpp/topics/minimal_publisher) by extension 'ignore_ament_install'
[0.558s] Level 1:colcon.colcon_core.package_identification:_identify(src/examples/rclcpp/topics/minimal_publisher) by extensions ['colcon_pkg']
[0.558s] Level 1:colcon.colcon_core.package_identification:_identify(src/examples/rclcpp/topics/minimal_publisher) by extension 'colcon_pkg'
[0.558s] Level 1:colcon.colcon_core.package_identification:_identify(src/examples/rclcpp/topics/minimal_publisher) by extensions ['colcon_meta']
[0.558s] Level 1:colcon.colcon_core.package_identification:_identify(src/examples/rclcpp/topics/minimal_publisher) by extension 'colcon_meta'
[0.559s] Level 1:colcon.colcon_core.package_identification:_identify(src/examples/rclcpp/topics/minimal_publisher) by extensions ['ros']
[0.559s] Level 1:colcon.colcon_core.package_identification:_identify(src/examples/rclcpp/topics/minimal_publisher) by extension 'ros'
[0.560s] DEBUG:colcon.colcon_core.package_identification:Package 'src/examples/rclcpp/topics/minimal_publisher' with type 'ros.ament_cmake' and name 'examples_rclcpp_minimal_publisher'
[0.560s] Level 1:colcon.colcon_core.package_identification:_identify(src/examples/rclcpp/topics/minimal_subscriber) by extensions ['ignore', 'ignore_ament_install']
[0.561s] Level 1:colcon.colcon_core.package_identification:_identify(src/examples/rclcpp/topics/minimal_subscriber) by extension 'ignore'
[0.561s] Level 1:colcon.colcon_core.package_identification:_identify(src/examples/rclcpp/topics/minimal_subscriber) by extension 'ignore_ament_install'
[0.561s] Level 1:colcon.colcon_core.package_identification:_identify(src/examples/rclcpp/topics/minimal_subscriber) by extensions ['colcon_pkg']
[0.561s] Level 1:colcon.colcon_core.package_identification:_identify(src/examples/rclcpp/topics/minimal_subscriber) by extension 'colcon_pkg'
[0.561s] Level 1:colcon.colcon_core.package_identification:_identify(src/examples/rclcpp/topics/minimal_subscriber) by extensions ['colcon_meta']
[0.561s] Level 1:colcon.colcon_core.package_identification:_identify(src/examples/rclcpp/topics/minimal_subscriber) by extension 'colcon_meta'
[0.561s] Level 1:colcon.colcon_core.package_identification:_identify(src/examples/rclcpp/topics/minimal_subscriber) by extensions ['ros']
[0.561s] Level 1:colcon.colcon_core.package_identification:_identify(src/examples/rclcpp/topics/minimal_subscriber) by extension 'ros'
[0.563s] DEBUG:colcon.colcon_core.package_identification:Package 'src/examples/rclcpp/topics/minimal_subscriber' with type 'ros.ament_cmake' and name 'examples_rclcpp_minimal_subscriber'
[0.563s] Level 1:colcon.colcon_core.package_identification:_identify(src/examples/rclcpp/wait_set) by extensions ['ignore', 'ignore_ament_install']
[0.563s] Level 1:colcon.colcon_core.package_identification:_identify(src/examples/rclcpp/wait_set) by extension 'ignore'
[0.563s] Level 1:colcon.colcon_core.package_identification:_identify(src/examples/rclcpp/wait_set) by extension 'ignore_ament_install'
[0.564s] Level 1:colcon.colcon_core.package_identification:_identify(src/examples/rclcpp/wait_set) by extensions ['colcon_pkg']
[0.564s] Level 1:colcon.colcon_core.package_identification:_identify(src/examples/rclcpp/wait_set) by extension 'colcon_pkg'
[0.564s] Level 1:colcon.colcon_core.package_identification:_identify(src/examples/rclcpp/wait_set) by extensions ['colcon_meta']
[0.564s] Level 1:colcon.colcon_core.package_identification:_identify(src/examples/rclcpp/wait_set) by extension 'colcon_meta'
[0.564s] Level 1:colcon.colcon_core.package_identification:_identify(src/examples/rclcpp/wait_set) by extensions ['ros']
[0.564s] Level 1:colcon.colcon_core.package_identification:_identify(src/examples/rclcpp/wait_set) by extension 'ros'
[0.566s] DEBUG:colcon.colcon_core.package_identification:Package 'src/examples/rclcpp/wait_set' with type 'ros.ament_cmake' and name 'examples_rclcpp_wait_set'
[0.566s] Level 1:colcon.colcon_core.package_identification:_identify(src/examples/rclpy) by extensions ['ignore', 'ignore_ament_install']
[0.566s] Level 1:colcon.colcon_core.package_identification:_identify(src/examples/rclpy) by extension 'ignore'
[0.566s] Level 1:colcon.colcon_core.package_identification:_identify(src/examples/rclpy) by extension 'ignore_ament_install'
[0.566s] Level 1:colcon.colcon_core.package_identification:_identify(src/examples/rclpy) by extensions ['colcon_pkg']
[0.566s] Level 1:colcon.colcon_core.package_identification:_identify(src/examples/rclpy) by extension 'colcon_pkg'
[0.567s] Level 1:colcon.colcon_core.package_identification:_identify(src/examples/rclpy) by extensions ['colcon_meta']
[0.567s] Level 1:colcon.colcon_core.package_identification:_identify(src/examples/rclpy) by extension 'colcon_meta'
[0.567s] Level 1:colcon.colcon_core.package_identification:_identify(src/examples/rclpy) by extensions ['ros']
[0.567s] Level 1:colcon.colcon_core.package_identification:_identify(src/examples/rclpy) by extension 'ros'
[0.567s] Level 1:colcon.colcon_core.package_identification:_identify(src/examples/rclpy) by extensions ['cmake', 'python']
[0.567s] Level 1:colcon.colcon_core.package_identification:_identify(src/examples/rclpy) by extension 'cmake'
[0.567s] Level 1:colcon.colcon_core.package_identification:_identify(src/examples/rclpy) by extension 'python'
[0.567s] Level 1:colcon.colcon_core.package_identification:_identify(src/examples/rclpy) by extensions ['python_setup_py']
[0.567s] Level 1:colcon.colcon_core.package_identification:_identify(src/examples/rclpy) by extension 'python_setup_py'
[0.568s] Level 1:colcon.colcon_core.package_identification:_identify(src/examples/rclpy/actions) by extensions ['ignore', 'ignore_ament_install']
[0.568s] Level 1:colcon.colcon_core.package_identification:_identify(src/examples/rclpy/actions) by extension 'ignore'
[0.568s] Level 1:colcon.colcon_core.package_identification:_identify(src/examples/rclpy/actions) by extension 'ignore_ament_install'
[0.568s] Level 1:colcon.colcon_core.package_identification:_identify(src/examples/rclpy/actions) by extensions ['colcon_pkg']
[0.568s] Level 1:colcon.colcon_core.package_identification:_identify(src/examples/rclpy/actions) by extension 'colcon_pkg'
[0.568s] Level 1:colcon.colcon_core.package_identification:_identify(src/examples/rclpy/actions) by extensions ['colcon_meta']
[0.568s] Level 1:colcon.colcon_core.package_identification:_identify(src/examples/rclpy/actions) by extension 'colcon_meta'
[0.569s] Level 1:colcon.colcon_core.package_identification:_identify(src/examples/rclpy/actions) by extensions ['ros']
[0.569s] Level 1:colcon.colcon_core.package_identification:_identify(src/examples/rclpy/actions) by extension 'ros'
[0.569s] Level 1:colcon.colcon_core.package_identification:_identify(src/examples/rclpy/actions) by extensions ['cmake', 'python']
[0.569s] Level 1:colcon.colcon_core.package_identification:_identify(src/examples/rclpy/actions) by extension 'cmake'
[0.569s] Level 1:colcon.colcon_core.package_identification:_identify(src/examples/rclpy/actions) by extension 'python'
[0.569s] Level 1:colcon.colcon_core.package_identification:_identify(src/examples/rclpy/actions) by extensions ['python_setup_py']
[0.569s] Level 1:colcon.colcon_core.package_identification:_identify(src/examples/rclpy/actions) by extension 'python_setup_py'
[0.569s] Level 1:colcon.colcon_core.package_identification:_identify(src/examples/rclpy/actions/minimal_action_client) by extensions ['ignore', 'ignore_ament_install']
[0.570s] Level 1:colcon.colcon_core.package_identification:_identify(src/examples/rclpy/actions/minimal_action_client) by extension 'ignore'
[0.570s] Level 1:colcon.colcon_core.package_identification:_identify(src/examples/rclpy/actions/minimal_action_client) by extension 'ignore_ament_install'
[0.570s] Level 1:colcon.colcon_core.package_identification:_identify(src/examples/rclpy/actions/minimal_action_client) by extensions ['colcon_pkg']
[0.570s] Level 1:colcon.colcon_core.package_identification:_identify(src/examples/rclpy/actions/minimal_action_client) by extension 'colcon_pkg'
[0.570s] Level 1:colcon.colcon_core.package_identification:_identify(src/examples/rclpy/actions/minimal_action_client) by extensions ['colcon_meta']
[0.570s] Level 1:colcon.colcon_core.package_identification:_identify(src/examples/rclpy/actions/minimal_action_client) by extension 'colcon_meta'
[0.570s] Level 1:colcon.colcon_core.package_identification:_identify(src/examples/rclpy/actions/minimal_action_client) by extensions ['ros']
[0.571s] Level 1:colcon.colcon_core.package_identification:_identify(src/examples/rclpy/actions/minimal_action_client) by extension 'ros'
[0.572s] DEBUG:colcon.colcon_core.package_identification:Package 'src/examples/rclpy/actions/minimal_action_client' with type 'ros.ament_python' and name 'examples_rclpy_minimal_action_client'
[0.572s] Level 1:colcon.colcon_core.package_identification:_identify(src/examples/rclpy/actions/minimal_action_server) by extensions ['ignore', 'ignore_ament_install']
[0.572s] Level 1:colcon.colcon_core.package_identification:_identify(src/examples/rclpy/actions/minimal_action_server) by extension 'ignore'
[0.572s] Level 1:colcon.colcon_core.package_identification:_identify(src/examples/rclpy/actions/minimal_action_server) by extension 'ignore_ament_install'
[0.573s] Level 1:colcon.colcon_core.package_identification:_identify(src/examples/rclpy/actions/minimal_action_server) by extensions ['colcon_pkg']
[0.573s] Level 1:colcon.colcon_core.package_identification:_identify(src/examples/rclpy/actions/minimal_action_server) by extension 'colcon_pkg'
[0.573s] Level 1:colcon.colcon_core.package_identification:_identify(src/examples/rclpy/actions/minimal_action_server) by extensions ['colcon_meta']
[0.573s] Level 1:colcon.colcon_core.package_identification:_identify(src/examples/rclpy/actions/minimal_action_server) by extension 'colcon_meta'
[0.573s] Level 1:colcon.colcon_core.package_identification:_identify(src/examples/rclpy/actions/minimal_action_server) by extensions ['ros']
[0.573s] Level 1:colcon.colcon_core.package_identification:_identify(src/examples/rclpy/actions/minimal_action_server) by extension 'ros'
[0.574s] DEBUG:colcon.colcon_core.package_identification:Package 'src/examples/rclpy/actions/minimal_action_server' with type 'ros.ament_python' and name 'examples_rclpy_minimal_action_server'
[0.575s] Level 1:colcon.colcon_core.package_identification:_identify(src/examples/rclpy/executors) by extensions ['ignore', 'ignore_ament_install']
[0.575s] Level 1:colcon.colcon_core.package_identification:_identify(src/examples/rclpy/executors) by extension 'ignore'
[0.575s] Level 1:colcon.colcon_core.package_identification:_identify(src/examples/rclpy/executors) by extension 'ignore_ament_install'
[0.575s] Level 1:colcon.colcon_core.package_identification:_identify(src/examples/rclpy/executors) by extensions ['colcon_pkg']
[0.575s] Level 1:colcon.colcon_core.package_identification:_identify(src/examples/rclpy/executors) by extension 'colcon_pkg'
[0.575s] Level 1:colcon.colcon_core.package_identification:_identify(src/examples/rclpy/executors) by extensions ['colcon_meta']
[0.575s] Level 1:colcon.colcon_core.package_identification:_identify(src/examples/rclpy/executors) by extension 'colcon_meta'
[0.575s] Level 1:colcon.colcon_core.package_identification:_identify(src/examples/rclpy/executors) by extensions ['ros']
[0.575s] Level 1:colcon.colcon_core.package_identification:_identify(src/examples/rclpy/executors) by extension 'ros'
[0.577s] DEBUG:colcon.colcon_core.package_identification:Package 'src/examples/rclpy/executors' with type 'ros.ament_python' and name 'examples_rclpy_executors'
[0.577s] Level 1:colcon.colcon_core.package_identification:_identify(src/examples/rclpy/guard_conditions) by extensions ['ignore', 'ignore_ament_install']
[0.577s] Level 1:colcon.colcon_core.package_identification:_identify(src/examples/rclpy/guard_conditions) by extension 'ignore'
[0.577s] Level 1:colcon.colcon_core.package_identification:_identify(src/examples/rclpy/guard_conditions) by extension 'ignore_ament_install'
[0.577s] Level 1:colcon.colcon_core.package_identification:_identify(src/examples/rclpy/guard_conditions) by extensions ['colcon_pkg']
[0.577s] Level 1:colcon.colcon_core.package_identification:_identify(src/examples/rclpy/guard_conditions) by extension 'colcon_pkg'
[0.578s] Level 1:colcon.colcon_core.package_identification:_identify(src/examples/rclpy/guard_conditions) by extensions ['colcon_meta']
[0.578s] Level 1:colcon.colcon_core.package_identification:_identify(src/examples/rclpy/guard_conditions) by extension 'colcon_meta'
[0.578s] Level 1:colcon.colcon_core.package_identification:_identify(src/examples/rclpy/guard_conditions) by extensions ['ros']
[0.578s] Level 1:colcon.colcon_core.package_identification:_identify(src/examples/rclpy/guard_conditions) by extension 'ros'
[0.579s] DEBUG:colcon.colcon_core.package_identification:Package 'src/examples/rclpy/guard_conditions' with type 'ros.ament_python' and name 'examples_rclpy_guard_conditions'
[0.579s] Level 1:colcon.colcon_core.package_identification:_identify(src/examples/rclpy/services) by extensions ['ignore', 'ignore_ament_install']
[0.579s] Level 1:colcon.colcon_core.package_identification:_identify(src/examples/rclpy/services) by extension 'ignore'
[0.580s] Level 1:colcon.colcon_core.package_identification:_identify(src/examples/rclpy/services) by extension 'ignore_ament_install'
[0.580s] Level 1:colcon.colcon_core.package_identification:_identify(src/examples/rclpy/services) by extensions ['colcon_pkg']
[0.580s] Level 1:colcon.colcon_core.package_identification:_identify(src/examples/rclpy/services) by extension 'colcon_pkg'
[0.580s] Level 1:colcon.colcon_core.package_identification:_identify(src/examples/rclpy/services) by extensions ['colcon_meta']
[0.580s] Level 1:colcon.colcon_core.package_identification:_identify(src/examples/rclpy/services) by extension 'colcon_meta'
[0.580s] Level 1:colcon.colcon_core.package_identification:_identify(src/examples/rclpy/services) by extensions ['ros']
[0.580s] Level 1:colcon.colcon_core.package_identification:_identify(src/examples/rclpy/services) by extension 'ros'
[0.580s] Level 1:colcon.colcon_core.package_identification:_identify(src/examples/rclpy/services) by extensions ['cmake', 'python']
[0.581s] Level 1:colcon.colcon_core.package_identification:_identify(src/examples/rclpy/services) by extension 'cmake'
[0.581s] Level 1:colcon.colcon_core.package_identification:_identify(src/examples/rclpy/services) by extension 'python'
[0.581s] Level 1:colcon.colcon_core.package_identification:_identify(src/examples/rclpy/services) by extensions ['python_setup_py']
[0.581s] Level 1:colcon.colcon_core.package_identification:_identify(src/examples/rclpy/services) by extension 'python_setup_py'
[0.581s] Level 1:colcon.colcon_core.package_identification:_identify(src/examples/rclpy/services/minimal_client) by extensions ['ignore', 'ignore_ament_install']
[0.581s] Level 1:colcon.colcon_core.package_identification:_identify(src/examples/rclpy/services/minimal_client) by extension 'ignore'
[0.581s] Level 1:colcon.colcon_core.package_identification:_identify(src/examples/rclpy/services/minimal_client) by extension 'ignore_ament_install'
[0.582s] Level 1:colcon.colcon_core.package_identification:_identify(src/examples/rclpy/services/minimal_client) by extensions ['colcon_pkg']
[0.582s] Level 1:colcon.colcon_core.package_identification:_identify(src/examples/rclpy/services/minimal_client) by extension 'colcon_pkg'
[0.582s] Level 1:colcon.colcon_core.package_identification:_identify(src/examples/rclpy/services/minimal_client) by extensions ['colcon_meta']
[0.582s] Level 1:colcon.colcon_core.package_identification:_identify(src/examples/rclpy/services/minimal_client) by extension 'colcon_meta'
[0.582s] Level 1:colcon.colcon_core.package_identification:_identify(src/examples/rclpy/services/minimal_client) by extensions ['ros']
[0.582s] Level 1:colcon.colcon_core.package_identification:_identify(src/examples/rclpy/services/minimal_client) by extension 'ros'
[0.584s] DEBUG:colcon.colcon_core.package_identification:Package 'src/examples/rclpy/services/minimal_client' with type 'ros.ament_python' and name 'examples_rclpy_minimal_client'
[0.584s] Level 1:colcon.colcon_core.package_identification:_identify(src/examples/rclpy/services/minimal_service) by extensions ['ignore', 'ignore_ament_install']
[0.584s] Level 1:colcon.colcon_core.package_identification:_identify(src/examples/rclpy/services/minimal_service) by extension 'ignore'
[0.584s] Level 1:colcon.colcon_core.package_identification:_identify(src/examples/rclpy/services/minimal_service) by extension 'ignore_ament_install'
[0.584s] Level 1:colcon.colcon_core.package_identification:_identify(src/examples/rclpy/services/minimal_service) by extensions ['colcon_pkg']
[0.584s] Level 1:colcon.colcon_core.package_identification:_identify(src/examples/rclpy/services/minimal_service) by extension 'colcon_pkg'
[0.585s] Level 1:colcon.colcon_core.package_identification:_identify(src/examples/rclpy/services/minimal_service) by extensions ['colcon_meta']
[0.585s] Level 1:colcon.colcon_core.package_identification:_identify(src/examples/rclpy/services/minimal_service) by extension 'colcon_meta'
[0.585s] Level 1:colcon.colcon_core.package_identification:_identify(src/examples/rclpy/services/minimal_service) by extensions ['ros']
[0.585s] Level 1:colcon.colcon_core.package_identification:_identify(src/examples/rclpy/services/minimal_service) by extension 'ros'
[0.586s] DEBUG:colcon.colcon_core.package_identification:Package 'src/examples/rclpy/services/minimal_service' with type 'ros.ament_python' and name 'examples_rclpy_minimal_service'
[0.586s] Level 1:colcon.colcon_core.package_identification:_identify(src/examples/rclpy/topics) by extensions ['ignore', 'ignore_ament_install']
[0.586s] Level 1:colcon.colcon_core.package_identification:_identify(src/examples/rclpy/topics) by extension 'ignore'
[0.587s] Level 1:colcon.colcon_core.package_identification:_identify(src/examples/rclpy/topics) by extension 'ignore_ament_install'
[0.587s] Level 1:colcon.colcon_core.package_identification:_identify(src/examples/rclpy/topics) by extensions ['colcon_pkg']
[0.587s] Level 1:colcon.colcon_core.package_identification:_identify(src/examples/rclpy/topics) by extension 'colcon_pkg'
[0.587s] Level 1:colcon.colcon_core.package_identification:_identify(src/examples/rclpy/topics) by extensions ['colcon_meta']
[0.587s] Level 1:colcon.colcon_core.package_identification:_identify(src/examples/rclpy/topics) by extension 'colcon_meta'
[0.587s] Level 1:colcon.colcon_core.package_identification:_identify(src/examples/rclpy/topics) by extensions ['ros']
[0.587s] Level 1:colcon.colcon_core.package_identification:_identify(src/examples/rclpy/topics) by extension 'ros'
[0.587s] Level 1:colcon.colcon_core.package_identification:_identify(src/examples/rclpy/topics) by extensions ['cmake', 'python']
[0.588s] Level 1:colcon.colcon_core.package_identification:_identify(src/examples/rclpy/topics) by extension 'cmake'
[0.588s] Level 1:colcon.colcon_core.package_identification:_identify(src/examples/rclpy/topics) by extension 'python'
[0.588s] Level 1:colcon.colcon_core.package_identification:_identify(src/examples/rclpy/topics) by extensions ['python_setup_py']
[0.588s] Level 1:colcon.colcon_core.package_identification:_identify(src/examples/rclpy/topics) by extension 'python_setup_py'
[0.588s] Level 1:colcon.colcon_core.package_identification:_identify(src/examples/rclpy/topics/minimal_publisher) by extensions ['ignore', 'ignore_ament_install']
[0.588s] Level 1:colcon.colcon_core.package_identification:_identify(src/examples/rclpy/topics/minimal_publisher) by extension 'ignore'
[0.589s] Level 1:colcon.colcon_core.package_identification:_identify(src/examples/rclpy/topics/minimal_publisher) by extension 'ignore_ament_install'
[0.589s] Level 1:colcon.colcon_core.package_identification:_identify(src/examples/rclpy/topics/minimal_publisher) by extensions ['colcon_pkg']
[0.589s] Level 1:colcon.colcon_core.package_identification:_identify(src/examples/rclpy/topics/minimal_publisher) by extension 'colcon_pkg'
[0.589s] Level 1:colcon.colcon_core.package_identification:_identify(src/examples/rclpy/topics/minimal_publisher) by extensions ['colcon_meta']
[0.589s] Level 1:colcon.colcon_core.package_identification:_identify(src/examples/rclpy/topics/minimal_publisher) by extension 'colcon_meta'
[0.589s] Level 1:colcon.colcon_core.package_identification:_identify(src/examples/rclpy/topics/minimal_publisher) by extensions ['ros']
[0.589s] Level 1:colcon.colcon_core.package_identification:_identify(src/examples/rclpy/topics/minimal_publisher) by extension 'ros'
[0.590s] DEBUG:colcon.colcon_core.package_identification:Package 'src/examples/rclpy/topics/minimal_publisher' with type 'ros.ament_python' and name 'examples_rclpy_minimal_publisher'
[0.591s] Level 1:colcon.colcon_core.package_identification:_identify(src/examples/rclpy/topics/minimal_subscriber) by extensions ['ignore', 'ignore_ament_install']
[0.591s] Level 1:colcon.colcon_core.package_identification:_identify(src/examples/rclpy/topics/minimal_subscriber) by extension 'ignore'
[0.591s] Level 1:colcon.colcon_core.package_identification:_identify(src/examples/rclpy/topics/minimal_subscriber) by extension 'ignore_ament_install'
[0.591s] Level 1:colcon.colcon_core.package_identification:_identify(src/examples/rclpy/topics/minimal_subscriber) by extensions ['colcon_pkg']
[0.591s] Level 1:colcon.colcon_core.package_identification:_identify(src/examples/rclpy/topics/minimal_subscriber) by extension 'colcon_pkg'
[0.591s] Level 1:colcon.colcon_core.package_identification:_identify(src/examples/rclpy/topics/minimal_subscriber) by extensions ['colcon_meta']
[0.591s] Level 1:colcon.colcon_core.package_identification:_identify(src/examples/rclpy/topics/minimal_subscriber) by extension 'colcon_meta'
[0.592s] Level 1:colcon.colcon_core.package_identification:_identify(src/examples/rclpy/topics/minimal_subscriber) by extensions ['ros']
[0.592s] Level 1:colcon.colcon_core.package_identification:_identify(src/examples/rclpy/topics/minimal_subscriber) by extension 'ros'
[0.593s] DEBUG:colcon.colcon_core.package_identification:Package 'src/examples/rclpy/topics/minimal_subscriber' with type 'ros.ament_python' and name 'examples_rclpy_minimal_subscriber'
[0.593s] Level 1:colcon.colcon_core.package_identification:_identify(src/examples/rclpy/topics/pointcloud_publisher) by extensions ['ignore', 'ignore_ament_install']
[0.593s] Level 1:colcon.colcon_core.package_identification:_identify(src/examples/rclpy/topics/pointcloud_publisher) by extension 'ignore'
[0.594s] Level 1:colcon.colcon_core.package_identification:_identify(src/examples/rclpy/topics/pointcloud_publisher) by extension 'ignore_ament_install'
[0.594s] Level 1:colcon.colcon_core.package_identification:_identify(src/examples/rclpy/topics/pointcloud_publisher) by extensions ['colcon_pkg']
[0.594s] Level 1:colcon.colcon_core.package_identification:_identify(src/examples/rclpy/topics/pointcloud_publisher) by extension 'colcon_pkg'
[0.594s] Level 1:colcon.colcon_core.package_identification:_identify(src/examples/rclpy/topics/pointcloud_publisher) by extensions ['colcon_meta']
[0.594s] Level 1:colcon.colcon_core.package_identification:_identify(src/examples/rclpy/topics/pointcloud_publisher) by extension 'colcon_meta'
[0.594s] Level 1:colcon.colcon_core.package_identification:_identify(src/examples/rclpy/topics/pointcloud_publisher) by extensions ['ros']
[0.594s] Level 1:colcon.colcon_core.package_identification:_identify(src/examples/rclpy/topics/pointcloud_publisher) by extension 'ros'
[0.595s] DEBUG:colcon.colcon_core.package_identification:Package 'src/examples/rclpy/topics/pointcloud_publisher' with type 'ros.ament_python' and name 'examples_rclpy_pointcloud_publisher'
[0.596s] Level 1:colcon.colcon_core.package_identification:_identify(src/install) by extensions ['ignore', 'ignore_ament_install']
[0.596s] Level 1:colcon.colcon_core.package_identification:_identify(src/install) by extension 'ignore'
[0.596s] Level 1:colcon.colcon_core.package_identification:_identify(src/install) ignored
[0.596s] Level 1:colcon.colcon_core.package_identification:_identify(src/log) by extensions ['ignore', 'ignore_ament_install']
[0.596s] Level 1:colcon.colcon_core.package_identification:_identify(src/log) by extension 'ignore'
[0.596s] Level 1:colcon.colcon_core.package_identification:_identify(src/log) ignored
[0.597s] Level 1:colcon.colcon_core.package_identification:_identify(src/more_interfaces) by extensions ['ignore', 'ignore_ament_install']
[0.597s] Level 1:colcon.colcon_core.package_identification:_identify(src/more_interfaces) by extension 'ignore'
[0.597s] Level 1:colcon.colcon_core.package_identification:_identify(src/more_interfaces) by extension 'ignore_ament_install'
[0.597s] Level 1:colcon.colcon_core.package_identification:_identify(src/more_interfaces) by extensions ['colcon_pkg']
[0.597s] Level 1:colcon.colcon_core.package_identification:_identify(src/more_interfaces) by extension 'colcon_pkg'
[0.597s] Level 1:colcon.colcon_core.package_identification:_identify(src/more_interfaces) by extensions ['colcon_meta']
[0.597s] Level 1:colcon.colcon_core.package_identification:_identify(src/more_interfaces) by extension 'colcon_meta'
[0.598s] Level 1:colcon.colcon_core.package_identification:_identify(src/more_interfaces) by extensions ['ros']
[0.598s] Level 1:colcon.colcon_core.package_identification:_identify(src/more_interfaces) by extension 'ros'
[0.599s] DEBUG:colcon.colcon_core.package_identification:Package 'src/more_interfaces' with type 'ros.ament_cmake' and name 'more_interfaces'
[0.599s] Level 1:colcon.colcon_core.package_identification:_identify(src/my_package) by extensions ['ignore', 'ignore_ament_install']
[0.599s] Level 1:colcon.colcon_core.package_identification:_identify(src/my_package) by extension 'ignore'
[0.600s] Level 1:colcon.colcon_core.package_identification:_identify(src/my_package) by extension 'ignore_ament_install'
[0.600s] Level 1:colcon.colcon_core.package_identification:_identify(src/my_package) by extensions ['colcon_pkg']
[0.600s] Level 1:colcon.colcon_core.package_identification:_identify(src/my_package) by extension 'colcon_pkg'
[0.600s] Level 1:colcon.colcon_core.package_identification:_identify(src/my_package) by extensions ['colcon_meta']
[0.600s] Level 1:colcon.colcon_core.package_identification:_identify(src/my_package) by extension 'colcon_meta'
[0.600s] Level 1:colcon.colcon_core.package_identification:_identify(src/my_package) by extensions ['ros']
[0.600s] Level 1:colcon.colcon_core.package_identification:_identify(src/my_package) by extension 'ros'
[0.601s] DEBUG:colcon.colcon_core.package_identification:Package 'src/my_package' with type 'ros.ament_cmake' and name 'my_package'
[0.601s] Level 1:colcon.colcon_core.package_identification:_identify(src/my_python_package) by extensions ['ignore', 'ignore_ament_install']
[0.602s] Level 1:colcon.colcon_core.package_identification:_identify(src/my_python_package) by extension 'ignore'
[0.602s] Level 1:colcon.colcon_core.package_identification:_identify(src/my_python_package) by extension 'ignore_ament_install'
[0.602s] Level 1:colcon.colcon_core.package_identification:_identify(src/my_python_package) by extensions ['colcon_pkg']
[0.602s] Level 1:colcon.colcon_core.package_identification:_identify(src/my_python_package) by extension 'colcon_pkg'
[0.602s] Level 1:colcon.colcon_core.package_identification:_identify(src/my_python_package) by extensions ['colcon_meta']
[0.602s] Level 1:colcon.colcon_core.package_identification:_identify(src/my_python_package) by extension 'colcon_meta'
[0.602s] Level 1:colcon.colcon_core.package_identification:_identify(src/my_python_package) by extensions ['ros']
[0.602s] Level 1:colcon.colcon_core.package_identification:_identify(src/my_python_package) by extension 'ros'
[0.603s] DEBUG:colcon.colcon_core.package_identification:Package 'src/my_python_package' with type 'ros.ament_python' and name 'my_python_package'
[0.604s] Level 1:colcon.colcon_core.package_identification:_identify(src/polygon_base) by extensions ['ignore', 'ignore_ament_install']
[0.604s] Level 1:colcon.colcon_core.package_identification:_identify(src/polygon_base) by extension 'ignore'
[0.604s] Level 1:colcon.colcon_core.package_identification:_identify(src/polygon_base) by extension 'ignore_ament_install'
[0.604s] Level 1:colcon.colcon_core.package_identification:_identify(src/polygon_base) by extensions ['colcon_pkg']
[0.604s] Level 1:colcon.colcon_core.package_identification:_identify(src/polygon_base) by extension 'colcon_pkg'
[0.604s] Level 1:colcon.colcon_core.package_identification:_identify(src/polygon_base) by extensions ['colcon_meta']
[0.604s] Level 1:colcon.colcon_core.package_identification:_identify(src/polygon_base) by extension 'colcon_meta'
[0.605s] Level 1:colcon.colcon_core.package_identification:_identify(src/polygon_base) by extensions ['ros']
[0.605s] Level 1:colcon.colcon_core.package_identification:_identify(src/polygon_base) by extension 'ros'
[0.606s] DEBUG:colcon.colcon_core.package_identification:Package 'src/polygon_base' with type 'ros.ament_cmake' and name 'polygon_base'
[0.606s] Level 1:colcon.colcon_core.package_identification:_identify(src/polygon_plugins) by extensions ['ignore', 'ignore_ament_install']
[0.606s] Level 1:colcon.colcon_core.package_identification:_identify(src/polygon_plugins) by extension 'ignore'
[0.606s] Level 1:colcon.colcon_core.package_identification:_identify(src/polygon_plugins) by extension 'ignore_ament_install'
[0.606s] Level 1:colcon.colcon_core.package_identification:_identify(src/polygon_plugins) by extensions ['colcon_pkg']
[0.606s] Level 1:colcon.colcon_core.package_identification:_identify(src/polygon_plugins) by extension 'colcon_pkg'
[0.607s] Level 1:colcon.colcon_core.package_identification:_identify(src/polygon_plugins) by extensions ['colcon_meta']
[0.607s] Level 1:colcon.colcon_core.package_identification:_identify(src/polygon_plugins) by extension 'colcon_meta'
[0.607s] Level 1:colcon.colcon_core.package_identification:_identify(src/polygon_plugins) by extensions ['ros']
[0.607s] Level 1:colcon.colcon_core.package_identification:_identify(src/polygon_plugins) by extension 'ros'
[0.608s] DEBUG:colcon.colcon_core.package_identification:Package 'src/polygon_plugins' with type 'ros.ament_cmake' and name 'polygon_plugins'
[0.608s] Level 1:colcon.colcon_core.package_identification:_identify(src/py_pubsub) by extensions ['ignore', 'ignore_ament_install']
[0.608s] Level 1:colcon.colcon_core.package_identification:_identify(src/py_pubsub) by extension 'ignore'
[0.609s] Level 1:colcon.colcon_core.package_identification:_identify(src/py_pubsub) by extension 'ignore_ament_install'
[0.609s] Level 1:colcon.colcon_core.package_identification:_identify(src/py_pubsub) by extensions ['colcon_pkg']
[0.609s] Level 1:colcon.colcon_core.package_identification:_identify(src/py_pubsub) by extension 'colcon_pkg'
[0.609s] Level 1:colcon.colcon_core.package_identification:_identify(src/py_pubsub) by extensions ['colcon_meta']
[0.609s] Level 1:colcon.colcon_core.package_identification:_identify(src/py_pubsub) by extension 'colcon_meta'
[0.609s] Level 1:colcon.colcon_core.package_identification:_identify(src/py_pubsub) by extensions ['ros']
[0.609s] Level 1:colcon.colcon_core.package_identification:_identify(src/py_pubsub) by extension 'ros'
[0.610s] DEBUG:colcon.colcon_core.package_identification:Package 'src/py_pubsub' with type 'ros.ament_python' and name 'py_pubsub'
[0.610s] Level 1:colcon.colcon_core.package_identification:_identify(src/py_srvcli) by extensions ['ignore', 'ignore_ament_install']
[0.611s] Level 1:colcon.colcon_core.package_identification:_identify(src/py_srvcli) by extension 'ignore'
[0.611s] Level 1:colcon.colcon_core.package_identification:_identify(src/py_srvcli) by extension 'ignore_ament_install'
[0.611s] Level 1:colcon.colcon_core.package_identification:_identify(src/py_srvcli) by extensions ['colcon_pkg']
[0.611s] Level 1:colcon.colcon_core.package_identification:_identify(src/py_srvcli) by extension 'colcon_pkg'
[0.611s] Level 1:colcon.colcon_core.package_identification:_identify(src/py_srvcli) by extensions ['colcon_meta']
[0.611s] Level 1:colcon.colcon_core.package_identification:_identify(src/py_srvcli) by extension 'colcon_meta'
[0.611s] Level 1:colcon.colcon_core.package_identification:_identify(src/py_srvcli) by extensions ['ros']
[0.611s] Level 1:colcon.colcon_core.package_identification:_identify(src/py_srvcli) by extension 'ros'
[0.613s] DEBUG:colcon.colcon_core.package_identification:Package 'src/py_srvcli' with type 'ros.ament_python' and name 'py_srvcli'
[0.613s] Level 1:colcon.colcon_core.package_identification:_identify(src/python_parameters) by extensions ['ignore', 'ignore_ament_install']
[0.613s] Level 1:colcon.colcon_core.package_identification:_identify(src/python_parameters) by extension 'ignore'
[0.613s] Level 1:colcon.colcon_core.package_identification:_identify(src/python_parameters) by extension 'ignore_ament_install'
[0.613s] Level 1:colcon.colcon_core.package_identification:_identify(src/python_parameters) by extensions ['colcon_pkg']
[0.613s] Level 1:colcon.colcon_core.package_identification:_identify(src/python_parameters) by extension 'colcon_pkg'
[0.613s] Level 1:colcon.colcon_core.package_identification:_identify(src/python_parameters) by extensions ['colcon_meta']
[0.614s] Level 1:colcon.colcon_core.package_identification:_identify(src/python_parameters) by extension 'colcon_meta'
[0.614s] Level 1:colcon.colcon_core.package_identification:_identify(src/python_parameters) by extensions ['ros']
[0.614s] Level 1:colcon.colcon_core.package_identification:_identify(src/python_parameters) by extension 'ros'
[0.615s] DEBUG:colcon.colcon_core.package_identification:Package 'src/python_parameters' with type 'ros.ament_python' and name 'python_parameters'
[0.615s] Level 1:colcon.colcon_core.package_identification:_identify(src/ros_tutorials) by extensions ['ignore', 'ignore_ament_install']
[0.616s] Level 1:colcon.colcon_core.package_identification:_identify(src/ros_tutorials) by extension 'ignore'
[0.616s] Level 1:colcon.colcon_core.package_identification:_identify(src/ros_tutorials) by extension 'ignore_ament_install'
[0.616s] Level 1:colcon.colcon_core.package_identification:_identify(src/ros_tutorials) by extensions ['colcon_pkg']
[0.616s] Level 1:colcon.colcon_core.package_identification:_identify(src/ros_tutorials) by extension 'colcon_pkg'
[0.616s] Level 1:colcon.colcon_core.package_identification:_identify(src/ros_tutorials) by extensions ['colcon_meta']
[0.616s] Level 1:colcon.colcon_core.package_identification:_identify(src/ros_tutorials) by extension 'colcon_meta'
[0.616s] Level 1:colcon.colcon_core.package_identification:_identify(src/ros_tutorials) by extensions ['ros']
[0.616s] Level 1:colcon.colcon_core.package_identification:_identify(src/ros_tutorials) by extension 'ros'
[0.617s] Level 1:colcon.colcon_core.package_identification:_identify(src/ros_tutorials) by extensions ['cmake', 'python']
[0.617s] Level 1:colcon.colcon_core.package_identification:_identify(src/ros_tutorials) by extension 'cmake'
[0.617s] Level 1:colcon.colcon_core.package_identification:_identify(src/ros_tutorials) by extension 'python'
[0.617s] Level 1:colcon.colcon_core.package_identification:_identify(src/ros_tutorials) by extensions ['python_setup_py']
[0.617s] Level 1:colcon.colcon_core.package_identification:_identify(src/ros_tutorials) by extension 'python_setup_py'
[0.617s] Level 1:colcon.colcon_core.package_identification:_identify(src/ros_tutorials/turtlesim) by extensions ['ignore', 'ignore_ament_install']
[0.617s] Level 1:colcon.colcon_core.package_identification:_identify(src/ros_tutorials/turtlesim) by extension 'ignore'
[0.618s] Level 1:colcon.colcon_core.package_identification:_identify(src/ros_tutorials/turtlesim) by extension 'ignore_ament_install'
[0.618s] Level 1:colcon.colcon_core.package_identification:_identify(src/ros_tutorials/turtlesim) by extensions ['colcon_pkg']
[0.618s] Level 1:colcon.colcon_core.package_identification:_identify(src/ros_tutorials/turtlesim) by extension 'colcon_pkg'
[0.618s] Level 1:colcon.colcon_core.package_identification:_identify(src/ros_tutorials/turtlesim) by extensions ['colcon_meta']
[0.618s] Level 1:colcon.colcon_core.package_identification:_identify(src/ros_tutorials/turtlesim) by extension 'colcon_meta'
[0.618s] Level 1:colcon.colcon_core.package_identification:_identify(src/ros_tutorials/turtlesim) by extensions ['ros']
[0.618s] Level 1:colcon.colcon_core.package_identification:_identify(src/ros_tutorials/turtlesim) by extension 'ros'
[0.620s] DEBUG:colcon.colcon_core.package_identification:Package 'src/ros_tutorials/turtlesim' with type 'ros.ament_cmake' and name 'turtlesim'
[0.621s] Level 1:colcon.colcon_core.package_identification:_identify(src/tutorial_interfaces) by extensions ['ignore', 'ignore_ament_install']
[0.621s] Level 1:colcon.colcon_core.package_identification:_identify(src/tutorial_interfaces) by extension 'ignore'
[0.621s] Level 1:colcon.colcon_core.package_identification:_identify(src/tutorial_interfaces) by extension 'ignore_ament_install'
[0.621s] Level 1:colcon.colcon_core.package_identification:_identify(src/tutorial_interfaces) by extensions ['colcon_pkg']
[0.621s] Level 1:colcon.colcon_core.package_identification:_identify(src/tutorial_interfaces) by extension 'colcon_pkg'
[0.621s] Level 1:colcon.colcon_core.package_identification:_identify(src/tutorial_interfaces) by extensions ['colcon_meta']
[0.621s] Level 1:colcon.colcon_core.package_identification:_identify(src/tutorial_interfaces) by extension 'colcon_meta'
[0.622s] Level 1:colcon.colcon_core.package_identification:_identify(src/tutorial_interfaces) by extensions ['ros']
[0.622s] Level 1:colcon.colcon_core.package_identification:_identify(src/tutorial_interfaces) by extension 'ros'
[0.623s] DEBUG:colcon.colcon_core.package_identification:Package 'src/tutorial_interfaces' with type 'ros.ament_cmake' and name 'tutorial_interfaces'
[0.623s] Level 1:colcon.colcon_core.package_identification:_identify(src/vincent_driver) by extensions ['ignore', 'ignore_ament_install']
[0.623s] Level 1:colcon.colcon_core.package_identification:_identify(src/vincent_driver) by extension 'ignore'
[0.623s] Level 1:colcon.colcon_core.package_identification:_identify(src/vincent_driver) by extension 'ignore_ament_install'
[0.624s] Level 1:colcon.colcon_core.package_identification:_identify(src/vincent_driver) by extensions ['colcon_pkg']
[0.624s] Level 1:colcon.colcon_core.package_identification:_identify(src/vincent_driver) by extension 'colcon_pkg'
[0.624s] Level 1:colcon.colcon_core.package_identification:_identify(src/vincent_driver) by extensions ['colcon_meta']
[0.624s] Level 1:colcon.colcon_core.package_identification:_identify(src/vincent_driver) by extension 'colcon_meta'
[0.624s] Level 1:colcon.colcon_core.package_identification:_identify(src/vincent_driver) by extensions ['ros']
[0.624s] Level 1:colcon.colcon_core.package_identification:_identify(src/vincent_driver) by extension 'ros'
[0.625s] DEBUG:colcon.colcon_core.package_identification:Package 'src/vincent_driver' with type 'ros.ament_cmake' and name 'vincent_driver'
[0.626s] Level 1:colcon.colcon_core.package_discovery:discover_packages(recursive) using defaults
[0.626s] Level 1:colcon.colcon_core.package_discovery:discover_packages(ignore) discover
[0.626s] Level 1:colcon.colcon_core.package_discovery:discover_packages(ignore) using defaults
[0.626s] Level 1:colcon.colcon_core.package_discovery:discover_packages(path) discover
[0.626s] Level 1:colcon.colcon_core.package_discovery:discover_packages(path) using defaults
[0.687s] INFO:colcon.colcon_core.package_selection:Skipping not selected package 'composition_cpp' in 'src/composition_cpp'
[0.688s] INFO:colcon.colcon_core.package_selection:Skipping not selected package 'cpp_parameters' in 'src/cpp_parameters'
[0.688s] INFO:colcon.colcon_core.package_selection:Skipping not selected package 'custom_action_interfaces' in 'src/custom_action_interfaces'
[0.688s] INFO:colcon.colcon_core.package_selection:Skipping not selected package 'examples_rclcpp_async_client' in 'src/examples/rclcpp/services/async_client'
[0.688s] INFO:colcon.colcon_core.package_selection:Skipping not selected package 'examples_rclcpp_cbg_executor' in 'src/examples/rclcpp/executors/cbg_executor'
[0.688s] INFO:colcon.colcon_core.package_selection:Skipping not selected package 'examples_rclcpp_minimal_action_client' in 'src/examples/rclcpp/actions/minimal_action_client'
[0.688s] INFO:colcon.colcon_core.package_selection:Skipping not selected package 'examples_rclcpp_minimal_action_server' in 'src/examples/rclcpp/actions/minimal_action_server'
[0.688s] INFO:colcon.colcon_core.package_selection:Skipping not selected package 'examples_rclcpp_minimal_client' in 'src/examples/rclcpp/services/minimal_client'
[0.688s] INFO:colcon.colcon_core.package_selection:Skipping not selected package 'examples_rclcpp_minimal_composition' in 'src/examples/rclcpp/composition/minimal_composition'
[0.688s] INFO:colcon.colcon_core.package_selection:Skipping not selected package 'examples_rclcpp_minimal_publisher' in 'src/examples/rclcpp/topics/minimal_publisher'
[0.688s] INFO:colcon.colcon_core.package_selection:Skipping not selected package 'examples_rclcpp_minimal_service' in 'src/examples/rclcpp/services/minimal_service'
[0.688s] INFO:colcon.colcon_core.package_selection:Skipping not selected package 'examples_rclcpp_minimal_subscriber' in 'src/examples/rclcpp/topics/minimal_subscriber'
[0.688s] INFO:colcon.colcon_core.package_selection:Skipping not selected package 'examples_rclcpp_minimal_timer' in 'src/examples/rclcpp/timers/minimal_timer'
[0.688s] INFO:colcon.colcon_core.package_selection:Skipping not selected package 'examples_rclcpp_multithreaded_executor' in 'src/examples/rclcpp/executors/multithreaded_executor'
[0.689s] INFO:colcon.colcon_core.package_selection:Skipping not selected package 'examples_rclcpp_wait_set' in 'src/examples/rclcpp/wait_set'
[0.689s] INFO:colcon.colcon_core.package_selection:Skipping not selected package 'examples_rclpy_executors' in 'src/examples/rclpy/executors'
[0.689s] INFO:colcon.colcon_core.package_selection:Skipping not selected package 'examples_rclpy_guard_conditions' in 'src/examples/rclpy/guard_conditions'
[0.689s] INFO:colcon.colcon_core.package_selection:Skipping not selected package 'examples_rclpy_minimal_action_client' in 'src/examples/rclpy/actions/minimal_action_client'
[0.689s] INFO:colcon.colcon_core.package_selection:Skipping not selected package 'examples_rclpy_minimal_action_server' in 'src/examples/rclpy/actions/minimal_action_server'
[0.689s] INFO:colcon.colcon_core.package_selection:Skipping not selected package 'examples_rclpy_minimal_client' in 'src/examples/rclpy/services/minimal_client'
[0.689s] INFO:colcon.colcon_core.package_selection:Skipping not selected package 'examples_rclpy_minimal_publisher' in 'src/examples/rclpy/topics/minimal_publisher'
[0.689s] INFO:colcon.colcon_core.package_selection:Skipping not selected package 'examples_rclpy_minimal_service' in 'src/examples/rclpy/services/minimal_service'
[0.689s] INFO:colcon.colcon_core.package_selection:Skipping not selected package 'examples_rclpy_minimal_subscriber' in 'src/examples/rclpy/topics/minimal_subscriber'
[0.689s] INFO:colcon.colcon_core.package_selection:Skipping not selected package 'examples_rclpy_pointcloud_publisher' in 'src/examples/rclpy/topics/pointcloud_publisher'
[0.689s] INFO:colcon.colcon_core.package_selection:Skipping not selected package 'launch_testing_examples' in 'src/examples/launch_testing/launch_testing_examples'
[0.689s] INFO:colcon.colcon_core.package_selection:Skipping not selected package 'more_interfaces' in 'src/more_interfaces'
[0.689s] INFO:colcon.colcon_core.package_selection:Skipping not selected package 'my_package' in 'src/my_package'
[0.689s] INFO:colcon.colcon_core.package_selection:Skipping not selected package 'my_python_package' in 'src/my_python_package'
[0.689s] INFO:colcon.colcon_core.package_selection:Skipping not selected package 'polygon_base' in 'src/polygon_base'
[0.689s] INFO:colcon.colcon_core.package_selection:Skipping not selected package 'python_parameters' in 'src/python_parameters'
[0.690s] INFO:colcon.colcon_core.package_selection:Skipping not selected package 'turtlesim' in 'src/ros_tutorials/turtlesim'
[0.690s] INFO:colcon.colcon_core.package_selection:Skipping not selected package 'tutorial_interfaces' in 'src/tutorial_interfaces'
[0.690s] INFO:colcon.colcon_core.package_selection:Skipping not selected package 'vincent_driver' in 'src/vincent_driver'
[0.690s] INFO:colcon.colcon_core.package_selection:Skipping not selected package 'cpp_srvcli' in 'src/cpp_srvcli'
[0.690s] INFO:colcon.colcon_core.package_selection:Skipping not selected package 'custom_action_cpp' in 'src/custom_action_cpp'
[0.690s] INFO:colcon.colcon_core.package_selection:Skipping not selected package 'polygon_plugins' in 'src/polygon_plugins'
[0.690s] INFO:colcon.colcon_core.package_selection:Skipping not selected package 'py_pubsub' in 'src/py_pubsub'
[0.690s] INFO:colcon.colcon_core.package_selection:Skipping not selected package 'py_srvcli' in 'src/py_srvcli'
[0.691s] Level 1:colcon.colcon_core.package_discovery:discover_packages(prefix_path) check parameters
[0.691s] Level 1:colcon.colcon_core.package_discovery:discover_packages(prefix_path) discover
[0.703s] DEBUG:colcon.colcon_installed_package_information.package_discovery:Found 39 installed packages in /home/yixin/ros2_ws/install
[0.709s] DEBUG:colcon.colcon_installed_package_information.package_discovery:Found 341 installed packages in /opt/ros/jazzy
[0.714s] Level 1:colcon.colcon_core.package_discovery:discover_packages(prefix_path) using defaults
[0.851s] Level 5:colcon.colcon_core.verb:set package 'cpp_pubsub' build argument 'cmake_args' from command line to 'None'
[0.851s] Level 5:colcon.colcon_core.verb:set package 'cpp_pubsub' build argument 'cmake_target' from command line to 'None'
[0.851s] Level 5:colcon.colcon_core.verb:set package 'cpp_pubsub' build argument 'cmake_target_skip_unavailable' from command line to 'False'
[0.851s] Level 5:colcon.colcon_core.verb:set package 'cpp_pubsub' build argument 'cmake_clean_cache' from command line to 'False'
[0.851s] Level 5:colcon.colcon_core.verb:set package 'cpp_pubsub' build argument 'cmake_clean_first' from command line to 'False'
[0.851s] Level 5:colcon.colcon_core.verb:set package 'cpp_pubsub' build argument 'cmake_force_configure' from command line to 'False'
[0.851s] Level 5:colcon.colcon_core.verb:set package 'cpp_pubsub' build argument 'ament_cmake_args' from command line to 'None'
[0.851s] Level 5:colcon.colcon_core.verb:set package 'cpp_pubsub' build argument 'catkin_cmake_args' from command line to 'None'
[0.851s] Level 5:colcon.colcon_core.verb:set package 'cpp_pubsub' build argument 'catkin_skip_building_tests' from command line to 'False'
[0.851s] DEBUG:colcon.colcon_core.verb:Building package 'cpp_pubsub' with the following arguments: {'ament_cmake_args': None, 'build_base': '/home/yixin/ros2_ws/build/cpp_pubsub', 'catkin_cmake_args': None, 'catkin_skip_building_tests': False, 'cmake_args': None, 'cmake_clean_cache': False, 'cmake_clean_first': False, 'cmake_force_configure': False, 'cmake_target': None, 'cmake_target_skip_unavailable': False, 'install_base': '/home/yixin/ros2_ws/install/cpp_pubsub', 'merge_install': False, 'path': '/home/yixin/ros2_ws/src/cpp_pubsub', 'symlink_install': False, 'test_result_base': None}
[0.852s] INFO:colcon.colcon_core.executor:Executing jobs using 'parallel' executor
[0.854s] DEBUG:colcon.colcon_parallel_executor.executor.parallel:run_until_complete
[0.854s] INFO:colcon.colcon_ros.task.ament_cmake.build:Building ROS package in '/home/yixin/ros2_ws/src/cpp_pubsub' with build type 'ament_cmake'
[0.854s] INFO:colcon.colcon_cmake.task.cmake.build:Building CMake package in '/home/yixin/ros2_ws/src/cpp_pubsub'
[0.861s] INFO:colcon.colcon_core.plugin_system:Skipping extension 'colcon_core.shell.bat': Not used on non-Windows systems
[0.862s] INFO:colcon.colcon_core.shell:Skip shell extension 'powershell' for command environment: Not usable outside of PowerShell
[0.862s] DEBUG:colcon.colcon_core.shell:Skip shell extension 'dsv' for command environment
[0.910s] DEBUG:colcon.colcon_core.event_handler.log_command:Invoking command in '/home/yixin/ros2_ws/build/cpp_pubsub': CMAKE_PREFIX_PATH=/home/yixin/ros2_ws/install/tutorial_interfaces:/home/yixin/ros2_ws/install/vincent_driver:/home/yixin/ros2_ws/install/cpp_srvcli:/home/yixin/ros2_ws/install/cpp_pubsub:/home/yixin/ros2_ws/install/turtlesim:/home/yixin/ros2_ws/install/polygon_plugins:/home/yixin/ros2_ws/install/polygon_base:/home/yixin/ros2_ws/install/my_package:/home/yixin/ros2_ws/install/more_interfaces:/home/yixin/ros2_ws/install/examples_rclcpp_wait_set:/home/yixin/ros2_ws/install/examples_rclcpp_multithreaded_executor:/home/yixin/ros2_ws/install/examples_rclcpp_minimal_timer:/home/yixin/ros2_ws/install/examples_rclcpp_minimal_subscriber:/home/yixin/ros2_ws/install/examples_rclcpp_minimal_service:/home/yixin/ros2_ws/install/examples_rclcpp_minimal_publisher:/home/yixin/ros2_ws/install/examples_rclcpp_minimal_composition:/home/yixin/ros2_ws/install/examples_rclcpp_minimal_client:/home/yixin/ros2_ws/install/examples_rclcpp_minimal_action_server:/home/yixin/ros2_ws/install/examples_rclcpp_minimal_action_client:/home/yixin/ros2_ws/install/examples_rclcpp_cbg_executor:/home/yixin/ros2_ws/install/examples_rclcpp_async_client:/home/yixin/ros2_ws/install/custom_action_cpp:/home/yixin/ros2_ws/install/custom_action_interfaces:/home/yixin/ros2_ws/install/cpp_parameters:/home/yixin/ros2_ws/install/composition_cpp:/opt/ros/jazzy/opt/sdformat_vendor:/opt/ros/jazzy/opt/gz_math_vendor:/opt/ros/jazzy/opt/gz_utils_vendor:/opt/ros/jazzy/opt/gz_tools_vendor:/opt/ros/jazzy/opt/gz_cmake_vendor:/home/yixin/ros2_ws/install/py_srvcli:/home/yixin/ros2_ws/install/py_pubsub:/home/yixin/ros2_ws/install/python_parameters:/home/yixin/ros2_ws/install/my_python_package:/home/yixin/ros2_ws/install/launch_testing_examples:/home/yixin/ros2_ws/install/examples_rclpy_pointcloud_publisher:/home/yixin/ros2_ws/install/examples_rclpy_minimal_subscriber:/home/yixin/ros2_ws/install/examples_rclpy_minimal_service:/home/yixin/ros2_ws/install/examples_rclpy_minimal_publisher:/home/yixin/ros2_ws/install/examples_rclpy_minimal_client:/home/yixin/ros2_ws/install/examples_rclpy_minimal_action_server:/home/yixin/ros2_ws/install/examples_rclpy_minimal_action_client:/home/yixin/ros2_ws/install/examples_rclpy_guard_conditions:/home/yixin/ros2_ws/install/examples_rclpy_executors:/opt/ros/jazzy DEBUGINFOD_URLS=https://debuginfod.ubuntu.com LD_LIBRARY_PATH=/home/yixin/ros2_ws/install/tutorial_interfaces/lib:/home/yixin/ros2_ws/install/vincent_driver/lib:/home/yixin/ros2_ws/install/turtlesim/lib:/home/yixin/ros2_ws/install/polygon_plugins/lib:/home/yixin/ros2_ws/install/more_interfaces/lib:/home/yixin/ros2_ws/install/examples_rclcpp_wait_set/lib:/home/yixin/ros2_ws/install/examples_rclcpp_minimal_subscriber/lib:/home/yixin/ros2_ws/install/examples_rclcpp_minimal_composition/lib:/home/yixin/ros2_ws/install/custom_action_cpp/lib:/home/yixin/ros2_ws/install/custom_action_interfaces/lib:/home/yixin/ros2_ws/install/composition_cpp/lib:/opt/ros/jazzy/opt/sdformat_vendor/lib:/opt/ros/jazzy/opt/rviz_ogre_vendor/lib:/opt/ros/jazzy/lib/x86_64-linux-gnu:/opt/ros/jazzy/opt/gz_math_vendor/lib:/opt/ros/jazzy/opt/gz_utils_vendor/lib:/opt/ros/jazzy/opt/gz_tools_vendor/lib:/opt/ros/jazzy/opt/gz_cmake_vendor/lib:/opt/ros/jazzy/lib PYTHONPATH=/home/yixin/ros2_ws/install/tutorial_interfaces/lib/python3.12/site-packages:/home/yixin/ros2_ws/install/py_srvcli/lib/python3.12/site-packages:/home/yixin/ros2_ws/install/py_pubsub/lib/python3.12/site-packages:/home/yixin/ros2_ws/install/turtlesim/lib/python3.12/site-packages:/home/yixin/ros2_ws/install/python_parameters/lib/python3.12/site-packages:/home/yixin/ros2_ws/install/my_python_package/lib/python3.12/site-packages:/home/yixin/ros2_ws/install/more_interfaces/lib/python3.12/site-packages:/home/yixin/ros2_ws/install/launch_testing_examples/lib/python3.12/site-packages:/home/yixin/ros2_ws/install/examples_rclpy_pointcloud_publisher/lib/python3.12/site-packages:/home/yixin/ros2_ws/install/examples_rclpy_minimal_subscriber/lib/python3.12/site-packages:/home/yixin/ros2_ws/install/examples_rclpy_minimal_service/lib/python3.12/site-packages:/home/yixin/ros2_ws/install/examples_rclpy_minimal_publisher/lib/python3.12/site-packages:/home/yixin/ros2_ws/install/examples_rclpy_minimal_client/lib/python3.12/site-packages:/home/yixin/ros2_ws/install/examples_rclpy_minimal_action_server/lib/python3.12/site-packages:/home/yixin/ros2_ws/install/examples_rclpy_minimal_action_client/lib/python3.12/site-packages:/home/yixin/ros2_ws/install/examples_rclpy_guard_conditions/lib/python3.12/site-packages:/home/yixin/ros2_ws/install/examples_rclpy_executors/lib/python3.12/site-packages:/home/yixin/ros2_ws/install/custom_action_interfaces/lib/python3.12/site-packages:/opt/ros/jazzy/lib/python3.12/site-packages /usr/bin/cmake --build /home/yixin/ros2_ws/build/cpp_pubsub -- -j8 -l8
[10.744s] DEBUG:colcon.colcon_core.event_handler.log_command:Invoked command in '/home/yixin/ros2_ws/build/cpp_pubsub' returned '0': CMAKE_PREFIX_PATH=/home/yixin/ros2_ws/install/tutorial_interfaces:/home/yixin/ros2_ws/install/vincent_driver:/home/yixin/ros2_ws/install/cpp_srvcli:/home/yixin/ros2_ws/install/cpp_pubsub:/home/yixin/ros2_ws/install/turtlesim:/home/yixin/ros2_ws/install/polygon_plugins:/home/yixin/ros2_ws/install/polygon_base:/home/yixin/ros2_ws/install/my_package:/home/yixin/ros2_ws/install/more_interfaces:/home/yixin/ros2_ws/install/examples_rclcpp_wait_set:/home/yixin/ros2_ws/install/examples_rclcpp_multithreaded_executor:/home/yixin/ros2_ws/install/examples_rclcpp_minimal_timer:/home/yixin/ros2_ws/install/examples_rclcpp_minimal_subscriber:/home/yixin/ros2_ws/install/examples_rclcpp_minimal_service:/home/yixin/ros2_ws/install/examples_rclcpp_minimal_publisher:/home/yixin/ros2_ws/install/examples_rclcpp_minimal_composition:/home/yixin/ros2_ws/install/examples_rclcpp_minimal_client:/home/yixin/ros2_ws/install/examples_rclcpp_minimal_action_server:/home/yixin/ros2_ws/install/examples_rclcpp_minimal_action_client:/home/yixin/ros2_ws/install/examples_rclcpp_cbg_executor:/home/yixin/ros2_ws/install/examples_rclcpp_async_client:/home/yixin/ros2_ws/install/custom_action_cpp:/home/yixin/ros2_ws/install/custom_action_interfaces:/home/yixin/ros2_ws/install/cpp_parameters:/home/yixin/ros2_ws/install/composition_cpp:/opt/ros/jazzy/opt/sdformat_vendor:/opt/ros/jazzy/opt/gz_math_vendor:/opt/ros/jazzy/opt/gz_utils_vendor:/opt/ros/jazzy/opt/gz_tools_vendor:/opt/ros/jazzy/opt/gz_cmake_vendor:/home/yixin/ros2_ws/install/py_srvcli:/home/yixin/ros2_ws/install/py_pubsub:/home/yixin/ros2_ws/install/python_parameters:/home/yixin/ros2_ws/install/my_python_package:/home/yixin/ros2_ws/install/launch_testing_examples:/home/yixin/ros2_ws/install/examples_rclpy_pointcloud_publisher:/home/yixin/ros2_ws/install/examples_rclpy_minimal_subscriber:/home/yixin/ros2_ws/install/examples_rclpy_minimal_service:/home/yixin/ros2_ws/install/examples_rclpy_minimal_publisher:/home/yixin/ros2_ws/install/examples_rclpy_minimal_client:/home/yixin/ros2_ws/install/examples_rclpy_minimal_action_server:/home/yixin/ros2_ws/install/examples_rclpy_minimal_action_client:/home/yixin/ros2_ws/install/examples_rclpy_guard_conditions:/home/yixin/ros2_ws/install/examples_rclpy_executors:/opt/ros/jazzy DEBUGINFOD_URLS=https://debuginfod.ubuntu.com LD_LIBRARY_PATH=/home/yixin/ros2_ws/install/tutorial_interfaces/lib:/home/yixin/ros2_ws/install/vincent_driver/lib:/home/yixin/ros2_ws/install/turtlesim/lib:/home/yixin/ros2_ws/install/polygon_plugins/lib:/home/yixin/ros2_ws/install/more_interfaces/lib:/home/yixin/ros2_ws/install/examples_rclcpp_wait_set/lib:/home/yixin/ros2_ws/install/examples_rclcpp_minimal_subscriber/lib:/home/yixin/ros2_ws/install/examples_rclcpp_minimal_composition/lib:/home/yixin/ros2_ws/install/custom_action_cpp/lib:/home/yixin/ros2_ws/install/custom_action_interfaces/lib:/home/yixin/ros2_ws/install/composition_cpp/lib:/opt/ros/jazzy/opt/sdformat_vendor/lib:/opt/ros/jazzy/opt/rviz_ogre_vendor/lib:/opt/ros/jazzy/lib/x86_64-linux-gnu:/opt/ros/jazzy/opt/gz_math_vendor/lib:/opt/ros/jazzy/opt/gz_utils_vendor/lib:/opt/ros/jazzy/opt/gz_tools_vendor/lib:/opt/ros/jazzy/opt/gz_cmake_vendor/lib:/opt/ros/jazzy/lib PYTHONPATH=/home/yixin/ros2_ws/install/tutorial_interfaces/lib/python3.12/site-packages:/home/yixin/ros2_ws/install/py_srvcli/lib/python3.12/site-packages:/home/yixin/ros2_ws/install/py_pubsub/lib/python3.12/site-packages:/home/yixin/ros2_ws/install/turtlesim/lib/python3.12/site-packages:/home/yixin/ros2_ws/install/python_parameters/lib/python3.12/site-packages:/home/yixin/ros2_ws/install/my_python_package/lib/python3.12/site-packages:/home/yixin/ros2_ws/install/more_interfaces/lib/python3.12/site-packages:/home/yixin/ros2_ws/install/launch_testing_examples/lib/python3.12/site-packages:/home/yixin/ros2_ws/install/examples_rclpy_pointcloud_publisher/lib/python3.12/site-packages:/home/yixin/ros2_ws/install/examples_rclpy_minimal_subscriber/lib/python3.12/site-packages:/home/yixin/ros2_ws/install/examples_rclpy_minimal_service/lib/python3.12/site-packages:/home/yixin/ros2_ws/install/examples_rclpy_minimal_publisher/lib/python3.12/site-packages:/home/yixin/ros2_ws/install/examples_rclpy_minimal_client/lib/python3.12/site-packages:/home/yixin/ros2_ws/install/examples_rclpy_minimal_action_server/lib/python3.12/site-packages:/home/yixin/ros2_ws/install/examples_rclpy_minimal_action_client/lib/python3.12/site-packages:/home/yixin/ros2_ws/install/examples_rclpy_guard_conditions/lib/python3.12/site-packages:/home/yixin/ros2_ws/install/examples_rclpy_executors/lib/python3.12/site-packages:/home/yixin/ros2_ws/install/custom_action_interfaces/lib/python3.12/site-packages:/opt/ros/jazzy/lib/python3.12/site-packages /usr/bin/cmake --build /home/yixin/ros2_ws/build/cpp_pubsub -- -j8 -l8
[10.756s] DEBUG:colcon.colcon_core.event_handler.log_command:Invoking command in '/home/yixin/ros2_ws/build/cpp_pubsub': CMAKE_PREFIX_PATH=/home/yixin/ros2_ws/install/tutorial_interfaces:/home/yixin/ros2_ws/install/vincent_driver:/home/yixin/ros2_ws/install/cpp_srvcli:/home/yixin/ros2_ws/install/cpp_pubsub:/home/yixin/ros2_ws/install/turtlesim:/home/yixin/ros2_ws/install/polygon_plugins:/home/yixin/ros2_ws/install/polygon_base:/home/yixin/ros2_ws/install/my_package:/home/yixin/ros2_ws/install/more_interfaces:/home/yixin/ros2_ws/install/examples_rclcpp_wait_set:/home/yixin/ros2_ws/install/examples_rclcpp_multithreaded_executor:/home/yixin/ros2_ws/install/examples_rclcpp_minimal_timer:/home/yixin/ros2_ws/install/examples_rclcpp_minimal_subscriber:/home/yixin/ros2_ws/install/examples_rclcpp_minimal_service:/home/yixin/ros2_ws/install/examples_rclcpp_minimal_publisher:/home/yixin/ros2_ws/install/examples_rclcpp_minimal_composition:/home/yixin/ros2_ws/install/examples_rclcpp_minimal_client:/home/yixin/ros2_ws/install/examples_rclcpp_minimal_action_server:/home/yixin/ros2_ws/install/examples_rclcpp_minimal_action_client:/home/yixin/ros2_ws/install/examples_rclcpp_cbg_executor:/home/yixin/ros2_ws/install/examples_rclcpp_async_client:/home/yixin/ros2_ws/install/custom_action_cpp:/home/yixin/ros2_ws/install/custom_action_interfaces:/home/yixin/ros2_ws/install/cpp_parameters:/home/yixin/ros2_ws/install/composition_cpp:/opt/ros/jazzy/opt/sdformat_vendor:/opt/ros/jazzy/opt/gz_math_vendor:/opt/ros/jazzy/opt/gz_utils_vendor:/opt/ros/jazzy/opt/gz_tools_vendor:/opt/ros/jazzy/opt/gz_cmake_vendor:/home/yixin/ros2_ws/install/py_srvcli:/home/yixin/ros2_ws/install/py_pubsub:/home/yixin/ros2_ws/install/python_parameters:/home/yixin/ros2_ws/install/my_python_package:/home/yixin/ros2_ws/install/launch_testing_examples:/home/yixin/ros2_ws/install/examples_rclpy_pointcloud_publisher:/home/yixin/ros2_ws/install/examples_rclpy_minimal_subscriber:/home/yixin/ros2_ws/install/examples_rclpy_minimal_service:/home/yixin/ros2_ws/install/examples_rclpy_minimal_publisher:/home/yixin/ros2_ws/install/examples_rclpy_minimal_client:/home/yixin/ros2_ws/install/examples_rclpy_minimal_action_server:/home/yixin/ros2_ws/install/examples_rclpy_minimal_action_client:/home/yixin/ros2_ws/install/examples_rclpy_guard_conditions:/home/yixin/ros2_ws/install/examples_rclpy_executors:/opt/ros/jazzy DEBUGINFOD_URLS=https://debuginfod.ubuntu.com LD_LIBRARY_PATH=/home/yixin/ros2_ws/install/tutorial_interfaces/lib:/home/yixin/ros2_ws/install/vincent_driver/lib:/home/yixin/ros2_ws/install/turtlesim/lib:/home/yixin/ros2_ws/install/polygon_plugins/lib:/home/yixin/ros2_ws/install/more_interfaces/lib:/home/yixin/ros2_ws/install/examples_rclcpp_wait_set/lib:/home/yixin/ros2_ws/install/examples_rclcpp_minimal_subscriber/lib:/home/yixin/ros2_ws/install/examples_rclcpp_minimal_composition/lib:/home/yixin/ros2_ws/install/custom_action_cpp/lib:/home/yixin/ros2_ws/install/custom_action_interfaces/lib:/home/yixin/ros2_ws/install/composition_cpp/lib:/opt/ros/jazzy/opt/sdformat_vendor/lib:/opt/ros/jazzy/opt/rviz_ogre_vendor/lib:/opt/ros/jazzy/lib/x86_64-linux-gnu:/opt/ros/jazzy/opt/gz_math_vendor/lib:/opt/ros/jazzy/opt/gz_utils_vendor/lib:/opt/ros/jazzy/opt/gz_tools_vendor/lib:/opt/ros/jazzy/opt/gz_cmake_vendor/lib:/opt/ros/jazzy/lib PYTHONPATH=/home/yixin/ros2_ws/install/tutorial_interfaces/lib/python3.12/site-packages:/home/yixin/ros2_ws/install/py_srvcli/lib/python3.12/site-packages:/home/yixin/ros2_ws/install/py_pubsub/lib/python3.12/site-packages:/home/yixin/ros2_ws/install/turtlesim/lib/python3.12/site-packages:/home/yixin/ros2_ws/install/python_parameters/lib/python3.12/site-packages:/home/yixin/ros2_ws/install/my_python_package/lib/python3.12/site-packages:/home/yixin/ros2_ws/install/more_interfaces/lib/python3.12/site-packages:/home/yixin/ros2_ws/install/launch_testing_examples/lib/python3.12/site-packages:/home/yixin/ros2_ws/install/examples_rclpy_pointcloud_publisher/lib/python3.12/site-packages:/home/yixin/ros2_ws/install/examples_rclpy_minimal_subscriber/lib/python3.12/site-packages:/home/yixin/ros2_ws/install/examples_rclpy_minimal_service/lib/python3.12/site-packages:/home/yixin/ros2_ws/install/examples_rclpy_minimal_publisher/lib/python3.12/site-packages:/home/yixin/ros2_ws/install/examples_rclpy_minimal_client/lib/python3.12/site-packages:/home/yixin/ros2_ws/install/examples_rclpy_minimal_action_server/lib/python3.12/site-packages:/home/yixin/ros2_ws/install/examples_rclpy_minimal_action_client/lib/python3.12/site-packages:/home/yixin/ros2_ws/install/examples_rclpy_guard_conditions/lib/python3.12/site-packages:/home/yixin/ros2_ws/install/examples_rclpy_executors/lib/python3.12/site-packages:/home/yixin/ros2_ws/install/custom_action_interfaces/lib/python3.12/site-packages:/opt/ros/jazzy/lib/python3.12/site-packages /usr/bin/cmake --install /home/yixin/ros2_ws/build/cpp_pubsub
[10.773s] Level 1:colcon.colcon_core.environment:create_environment_scripts_only(cpp_pubsub)
[10.773s] DEBUG:colcon.colcon_core.event_handler.log_command:Invoked command in '/home/yixin/ros2_ws/build/cpp_pubsub' returned '0': CMAKE_PREFIX_PATH=/home/yixin/ros2_ws/install/tutorial_interfaces:/home/yixin/ros2_ws/install/vincent_driver:/home/yixin/ros2_ws/install/cpp_srvcli:/home/yixin/ros2_ws/install/cpp_pubsub:/home/yixin/ros2_ws/install/turtlesim:/home/yixin/ros2_ws/install/polygon_plugins:/home/yixin/ros2_ws/install/polygon_base:/home/yixin/ros2_ws/install/my_package:/home/yixin/ros2_ws/install/more_interfaces:/home/yixin/ros2_ws/install/examples_rclcpp_wait_set:/home/yixin/ros2_ws/install/examples_rclcpp_multithreaded_executor:/home/yixin/ros2_ws/install/examples_rclcpp_minimal_timer:/home/yixin/ros2_ws/install/examples_rclcpp_minimal_subscriber:/home/yixin/ros2_ws/install/examples_rclcpp_minimal_service:/home/yixin/ros2_ws/install/examples_rclcpp_minimal_publisher:/home/yixin/ros2_ws/install/examples_rclcpp_minimal_composition:/home/yixin/ros2_ws/install/examples_rclcpp_minimal_client:/home/yixin/ros2_ws/install/examples_rclcpp_minimal_action_server:/home/yixin/ros2_ws/install/examples_rclcpp_minimal_action_client:/home/yixin/ros2_ws/install/examples_rclcpp_cbg_executor:/home/yixin/ros2_ws/install/examples_rclcpp_async_client:/home/yixin/ros2_ws/install/custom_action_cpp:/home/yixin/ros2_ws/install/custom_action_interfaces:/home/yixin/ros2_ws/install/cpp_parameters:/home/yixin/ros2_ws/install/composition_cpp:/opt/ros/jazzy/opt/sdformat_vendor:/opt/ros/jazzy/opt/gz_math_vendor:/opt/ros/jazzy/opt/gz_utils_vendor:/opt/ros/jazzy/opt/gz_tools_vendor:/opt/ros/jazzy/opt/gz_cmake_vendor:/home/yixin/ros2_ws/install/py_srvcli:/home/yixin/ros2_ws/install/py_pubsub:/home/yixin/ros2_ws/install/python_parameters:/home/yixin/ros2_ws/install/my_python_package:/home/yixin/ros2_ws/install/launch_testing_examples:/home/yixin/ros2_ws/install/examples_rclpy_pointcloud_publisher:/home/yixin/ros2_ws/install/examples_rclpy_minimal_subscriber:/home/yixin/ros2_ws/install/examples_rclpy_minimal_service:/home/yixin/ros2_ws/install/examples_rclpy_minimal_publisher:/home/yixin/ros2_ws/install/examples_rclpy_minimal_client:/home/yixin/ros2_ws/install/examples_rclpy_minimal_action_server:/home/yixin/ros2_ws/install/examples_rclpy_minimal_action_client:/home/yixin/ros2_ws/install/examples_rclpy_guard_conditions:/home/yixin/ros2_ws/install/examples_rclpy_executors:/opt/ros/jazzy DEBUGINFOD_URLS=https://debuginfod.ubuntu.com LD_LIBRARY_PATH=/home/yixin/ros2_ws/install/tutorial_interfaces/lib:/home/yixin/ros2_ws/install/vincent_driver/lib:/home/yixin/ros2_ws/install/turtlesim/lib:/home/yixin/ros2_ws/install/polygon_plugins/lib:/home/yixin/ros2_ws/install/more_interfaces/lib:/home/yixin/ros2_ws/install/examples_rclcpp_wait_set/lib:/home/yixin/ros2_ws/install/examples_rclcpp_minimal_subscriber/lib:/home/yixin/ros2_ws/install/examples_rclcpp_minimal_composition/lib:/home/yixin/ros2_ws/install/custom_action_cpp/lib:/home/yixin/ros2_ws/install/custom_action_interfaces/lib:/home/yixin/ros2_ws/install/composition_cpp/lib:/opt/ros/jazzy/opt/sdformat_vendor/lib:/opt/ros/jazzy/opt/rviz_ogre_vendor/lib:/opt/ros/jazzy/lib/x86_64-linux-gnu:/opt/ros/jazzy/opt/gz_math_vendor/lib:/opt/ros/jazzy/opt/gz_utils_vendor/lib:/opt/ros/jazzy/opt/gz_tools_vendor/lib:/opt/ros/jazzy/opt/gz_cmake_vendor/lib:/opt/ros/jazzy/lib PYTHONPATH=/home/yixin/ros2_ws/install/tutorial_interfaces/lib/python3.12/site-packages:/home/yixin/ros2_ws/install/py_srvcli/lib/python3.12/site-packages:/home/yixin/ros2_ws/install/py_pubsub/lib/python3.12/site-packages:/home/yixin/ros2_ws/install/turtlesim/lib/python3.12/site-packages:/home/yixin/ros2_ws/install/python_parameters/lib/python3.12/site-packages:/home/yixin/ros2_ws/install/my_python_package/lib/python3.12/site-packages:/home/yixin/ros2_ws/install/more_interfaces/lib/python3.12/site-packages:/home/yixin/ros2_ws/install/launch_testing_examples/lib/python3.12/site-packages:/home/yixin/ros2_ws/install/examples_rclpy_pointcloud_publisher/lib/python3.12/site-packages:/home/yixin/ros2_ws/install/examples_rclpy_minimal_subscriber/lib/python3.12/site-packages:/home/yixin/ros2_ws/install/examples_rclpy_minimal_service/lib/python3.12/site-packages:/home/yixin/ros2_ws/install/examples_rclpy_minimal_publisher/lib/python3.12/site-packages:/home/yixin/ros2_ws/install/examples_rclpy_minimal_client/lib/python3.12/site-packages:/home/yixin/ros2_ws/install/examples_rclpy_minimal_action_server/lib/python3.12/site-packages:/home/yixin/ros2_ws/install/examples_rclpy_minimal_action_client/lib/python3.12/site-packages:/home/yixin/ros2_ws/install/examples_rclpy_guard_conditions/lib/python3.12/site-packages:/home/yixin/ros2_ws/install/examples_rclpy_executors/lib/python3.12/site-packages:/home/yixin/ros2_ws/install/custom_action_interfaces/lib/python3.12/site-packages:/opt/ros/jazzy/lib/python3.12/site-packages /usr/bin/cmake --install /home/yixin/ros2_ws/build/cpp_pubsub
[10.775s] Level 1:colcon.colcon_core.environment:checking '/home/yixin/ros2_ws/install/cpp_pubsub' for CMake module files
[10.776s] Level 1:colcon.colcon_core.environment:checking '/home/yixin/ros2_ws/install/cpp_pubsub' for CMake config files
[10.776s] Level 1:colcon.colcon_core.shell:create_environment_hook('cpp_pubsub', 'cmake_prefix_path')
[10.776s] INFO:colcon.colcon_core.shell:Creating environment hook '/home/yixin/ros2_ws/install/cpp_pubsub/share/cpp_pubsub/hook/cmake_prefix_path.ps1'
[10.777s] INFO:colcon.colcon_core.shell:Creating environment descriptor '/home/yixin/ros2_ws/install/cpp_pubsub/share/cpp_pubsub/hook/cmake_prefix_path.dsv'
[10.777s] INFO:colcon.colcon_core.shell:Creating environment hook '/home/yixin/ros2_ws/install/cpp_pubsub/share/cpp_pubsub/hook/cmake_prefix_path.sh'
[10.778s] Level 1:colcon.colcon_core.environment:checking '/home/yixin/ros2_ws/install/cpp_pubsub/lib'
[10.778s] Level 1:colcon.colcon_core.environment:checking '/home/yixin/ros2_ws/install/cpp_pubsub/bin'
[10.778s] Level 1:colcon.colcon_core.environment:checking '/home/yixin/ros2_ws/install/cpp_pubsub/lib/pkgconfig/cpp_pubsub.pc'
[10.778s] Level 1:colcon.colcon_core.environment:checking '/home/yixin/ros2_ws/install/cpp_pubsub/lib/python3.12/site-packages'
[10.778s] Level 1:colcon.colcon_core.environment:checking '/home/yixin/ros2_ws/install/cpp_pubsub/bin'
[10.778s] INFO:colcon.colcon_core.shell:Creating package script '/home/yixin/ros2_ws/install/cpp_pubsub/share/cpp_pubsub/package.ps1'
[10.779s] INFO:colcon.colcon_core.shell:Creating package descriptor '/home/yixin/ros2_ws/install/cpp_pubsub/share/cpp_pubsub/package.dsv'
[10.779s] INFO:colcon.colcon_core.shell:Creating package script '/home/yixin/ros2_ws/install/cpp_pubsub/share/cpp_pubsub/package.sh'
[10.780s] INFO:colcon.colcon_core.shell:Creating package script '/home/yixin/ros2_ws/install/cpp_pubsub/share/cpp_pubsub/package.bash'
[10.780s] INFO:colcon.colcon_core.shell:Creating package script '/home/yixin/ros2_ws/install/cpp_pubsub/share/cpp_pubsub/package.zsh'
[10.781s] Level 1:colcon.colcon_core.environment:create_file_with_runtime_dependencies(/home/yixin/ros2_ws/install/cpp_pubsub/share/colcon-core/packages/cpp_pubsub)
[10.781s] Level 1:colcon.colcon_core.environment:create_environment_scripts_only(cpp_pubsub)
[10.781s] Level 1:colcon.colcon_core.environment:checking '/home/yixin/ros2_ws/install/cpp_pubsub' for CMake module files
[10.782s] Level 1:colcon.colcon_core.environment:checking '/home/yixin/ros2_ws/install/cpp_pubsub' for CMake config files
[10.782s] Level 1:colcon.colcon_core.shell:create_environment_hook('cpp_pubsub', 'cmake_prefix_path')
[10.782s] INFO:colcon.colcon_core.shell:Creating environment hook '/home/yixin/ros2_ws/install/cpp_pubsub/share/cpp_pubsub/hook/cmake_prefix_path.ps1'
[10.782s] INFO:colcon.colcon_core.shell:Creating environment descriptor '/home/yixin/ros2_ws/install/cpp_pubsub/share/cpp_pubsub/hook/cmake_prefix_path.dsv'
[10.783s] INFO:colcon.colcon_core.shell:Creating environment hook '/home/yixin/ros2_ws/install/cpp_pubsub/share/cpp_pubsub/hook/cmake_prefix_path.sh'
[10.783s] Level 1:colcon.colcon_core.environment:checking '/home/yixin/ros2_ws/install/cpp_pubsub/lib'
[10.783s] Level 1:colcon.colcon_core.environment:checking '/home/yixin/ros2_ws/install/cpp_pubsub/bin'
[10.783s] Level 1:colcon.colcon_core.environment:checking '/home/yixin/ros2_ws/install/cpp_pubsub/lib/pkgconfig/cpp_pubsub.pc'
[10.783s] Level 1:colcon.colcon_core.environment:checking '/home/yixin/ros2_ws/install/cpp_pubsub/lib/python3.12/site-packages'
[10.784s] Level 1:colcon.colcon_core.environment:checking '/home/yixin/ros2_ws/install/cpp_pubsub/bin'
[10.784s] INFO:colcon.colcon_core.shell:Creating package script '/home/yixin/ros2_ws/install/cpp_pubsub/share/cpp_pubsub/package.ps1'
[10.784s] INFO:colcon.colcon_core.shell:Creating package descriptor '/home/yixin/ros2_ws/install/cpp_pubsub/share/cpp_pubsub/package.dsv'
[10.785s] INFO:colcon.colcon_core.shell:Creating package script '/home/yixin/ros2_ws/install/cpp_pubsub/share/cpp_pubsub/package.sh'
[10.785s] INFO:colcon.colcon_core.shell:Creating package script '/home/yixin/ros2_ws/install/cpp_pubsub/share/cpp_pubsub/package.bash'
[10.785s] INFO:colcon.colcon_core.shell:Creating package script '/home/yixin/ros2_ws/install/cpp_pubsub/share/cpp_pubsub/package.zsh'
[10.786s] Level 1:colcon.colcon_core.environment:create_file_with_runtime_dependencies(/home/yixin/ros2_ws/install/cpp_pubsub/share/colcon-core/packages/cpp_pubsub)
[10.786s] DEBUG:colcon.colcon_parallel_executor.executor.parallel:closing loop
[10.786s] DEBUG:colcon.colcon_parallel_executor.executor.parallel:loop closed
[10.786s] DEBUG:colcon.colcon_parallel_executor.executor.parallel:run_until_complete finished with '0'
[10.786s] DEBUG:colcon.colcon_core.event_reactor:joining thread
[10.792s] INFO:colcon.colcon_core.plugin_system:Skipping extension 'colcon_notification.desktop_notification.terminal_notifier': Not used on non-Darwin systems
[10.793s] INFO:colcon.colcon_core.plugin_system:Skipping extension 'colcon_notification.desktop_notification.win32': Not used on non-Windows systems
[10.793s] INFO:colcon.colcon_notification.desktop_notification:Sending desktop notification using 'notify2'
[10.821s] DEBUG:colcon.colcon_core.event_reactor:joined thread
[10.822s] INFO:colcon.colcon_core.shell:Creating prefix script '/home/yixin/ros2_ws/install/local_setup.ps1'
[10.822s] INFO:colcon.colcon_core.shell:Creating prefix util module '/home/yixin/ros2_ws/install/_local_setup_util_ps1.py'
[10.824s] INFO:colcon.colcon_core.shell:Creating prefix chain script '/home/yixin/ros2_ws/install/setup.ps1'
[10.827s] INFO:colcon.colcon_core.shell:Creating prefix script '/home/yixin/ros2_ws/install/local_setup.sh'
[10.828s] INFO:colcon.colcon_core.shell:Creating prefix util module '/home/yixin/ros2_ws/install/_local_setup_util_sh.py'
[10.828s] INFO:colcon.colcon_core.shell:Creating prefix chain script '/home/yixin/ros2_ws/install/setup.sh'
[10.852s] INFO:colcon.colcon_core.shell:Creating prefix script '/home/yixin/ros2_ws/install/local_setup.bash'
[10.852s] INFO:colcon.colcon_core.shell:Creating prefix chain script '/home/yixin/ros2_ws/install/setup.bash'
[10.855s] INFO:colcon.colcon_core.shell:Creating prefix script '/home/yixin/ros2_ws/install/local_setup.zsh'
[10.855s] INFO:colcon.colcon_core.shell:Creating prefix chain script '/home/yixin/ros2_ws/install/setup.zsh'
